Name,Amount Raised,Round,Description,Everywhere Sectors,Verticles,Team,Investors,Date of Announcement,Source,Website,LinkedIn,Location,Batch Date,Batch Date Precision,Most Recent Batch
Zetta Joule,"$16,100,000",,ZettaJoule delivers modernized HTGR through Energy-as-a-Service Solution Our aim: Transform the energy ecosystem to a clean and sustainable one by unlocking the potential of nuclear fission technology.,Climate / Sustainability,Advanced Nuclear; Small Modular Reactor; High-Temperature Reactor; Industrial Process Heat; AI Data Center Power; Firm Clean Power,,SOSV (HAX),HAX Seed 2024,SOSV,http://zetta-joule.com,https://www.linkedin.com/company/zettajoule,,2024-01-01,year,
TopologiQ,,,Building microprocessors/supercomputers for real-time edge compute.,Dev Tools / Cloud,,,SOSV (HAX),HAX Seed 2026,SOSV,https://www.topologiq.ai/,https://www.linkedin.com/company/topologiq-inc,,2026-01-01,year,True
RB-Ware,,,"No-code robotic solutions for metalworking Robotics company building no-code, AI-powered systems that bring full autonomy to metal fabrication processes like welding, grinding, cutting, deburring, and polishing eliminating the need for programming.","Dev Tools / Cloud,Deeptech / Robotics / AR/VR",,,SOSV (HAX),HAX Seed 2026,SOSV,https://rb-ware.com/,https://www.linkedin.com/company/rbwinternational,,2026-01-01,year,True
Diamond Quanta,,,"Scalable engineered diamond platform for use across industries Diamond Quanta is revolutionizing the semiconductor industry with breakthrough diamond technology, unlocking high-value applications in electronic and quantum technologies.",Climate / Sustainability,Manufacturing & Energy,,SOSV (HAX),HAX Seed 2026,SOSV,https://diamondquanta.com,https://www.linkedin.com/company/diamond-quanta,,2026-01-01,year,True
Kenyi Technologies,$1 Million,Pre-Seed,Developing an Edge Infrastructure platform that enables the use of Cloud Native SW stacks Kenyi Technologies is driving the future of Edge Infrastructure.,Dev Tools / Cloud,AI & Machine Learning; Data & Information Tech,Vincent Loncke,SOSV (HAX),HAX Seed 2026,SOSV,https://kenyitech.com,https://www.linkedin.com/company/kenyi-technologies,,2026-01-01,year,True
5QXT,"$450,000",,"Waste-to-value metal extraction from slags and battery waste using low-capex, low-water “Quantum Extraction” corrosion-based process.","Climate / Sustainability,Deeptech / Robotics / AR/VR",Manufacturing & Energy; Critical Minerals; Metal Recovery; Smelter Slag; Battery Recycling; Industrial Waste Remediation; Waste Valorization,Guillermo Teare,SOSV (HAX),HAX Seed 2025,SOSV,https://5qxt.com/,https://www.linkedin.com/company/5qxt,,2025-01-01,year,
Robotic Actuators Company,,,Digital hydraulic actuation for scalable mobile robots. RAC (Robotic Actuators Company) is building a scalable mobile robot platform powered by a battery-electric Digital Hydraulic Transmission (DHT) that targets electric-like efficiency with…,Deeptech / Robotics / AR/VR,Manufacturing & Energy,,SOSV (HAX),HAX Seed 2026,SOSV,,,,2026-01-01,year,True
Halltech B.V.,$1.5 Million,,Unlocking the next generation semiconductors HallTech is building the thin-film deposition platform that unlocks the next semiconductor nodes.,Deeptech / Robotics / AR/VR,Manufacturing & Energy,,SOSV (HAX),HAX Seed 2026,SOSV,https://www.halltech.nl,https://www.linkedin.com/company/halltechbv,,2026-01-01,year,True
VISION IV,$2 Million,Pre-Seed,"Development, manufacuring, and distribution of synthetic diamond for semiconductor, sensor, and quantum technology Our technology is specialized in producing high-quality diamond substrates that are the foundation for next-generation power…","Logistics / Supply Chain,Deeptech / Robotics / AR/VR",,,SOSV (HAX),HAX Seed 2025,SOSV,http://visioniv.co.jp,https://www.linkedin.com/company/vision-iv,,2025-01-01,year,
VeruStruct,$2.29 Million,,"At Verustruct, we believe everyone deserves a Safe, Affordable, and Sustainable Homes Verustruct is committed to building housing that’s better, faster, and cheaper to make homes accessible for everyone.","Deeptech / Robotics / AR/VR,Climate / Sustainability",Industrial Equipment; Robotics,,SOSV (HAX),HAX Seed 2025,SOSV,http://verustruct.com,https://www.linkedin.com/company/impact3d-incorporated,,2025-01-01,year,
Terabora,"$500,000",,"Worm inspired digging for cheaper, greener heating TeraBora is a worm inspired digging robot for ground source heat pump installation in every home",,,,SOSV (HAX),HAX Seed 2025,SOSV,https://terabora.com/,https://www.linkedin.com/company/terabora,,2025-01-01,year,
Navlive,$4 Million,Pre-Seed,"NavLive creates accurate 2d and 3d models of buildings in real time for architect and construction professionals AEC industry is lagging in tech incorporation to do things faster, cheaper and with less wastage.",PropTech,,,SOSV (HAX),HAX Seed 2025,SOSV,http://navlive.ai,https://www.linkedin.com/company/navlive,,2025-01-01,year,
Cargo Robotics,$3.6 Million,Pre-Seed,"We’re automating the last mile starting with robotic cargo bay for delivery vehicles. About Cargo Robotics: Founded by two Stanford grads who took delivery jobs at UPS and FedEx after a delivery mishap, Cargo Robotics is building a robotic delivery…","Transportation / Mobility,Logistics / Supply Chain,Deeptech / Robotics / AR/VR",,,SOSV (HAX),HAX Seed 2024,SOSV,https://withcargo.com/,,,2024-01-01,year,
Sharper Sense,1700000,Pre-Seed,"Clarity When It Counts For high performers, a single misperception can cause serious injury and cost millions of dollars. Sharper Sense single-use neurostimulation patches enhance cognition and senses while worn, providing clarity when it counts.",Health,Healthcare,,SOSV (HAX),HAX Seed 2024,SOSV,https://www.sharpersense.com,https://www.linkedin.com/company/sharpersense,,2024-01-01,year,
InnSight Technology,"$270,000",,Leading the Future in Point of Care Diagnostics Our company is dedicated to translational research initiatives that will advance diagnostics and evaluation of eye and systemic disease.,Health,,,SOSV (HAX),HAX Seed 2024,SOSV,http://innsightech.com,https://www.linkedin.com/company/innsight-tech-inc,,2024-01-01,year,
Tessellate2d,300000,Pre-Seed,Tessellate 2D manufactures atomically perfect 2D semiconductors for the future of computation. Tessellate 2D manufactures the highest quality two-dimensional semiconductors for next generation transistors.,Deeptech / Robotics / AR/VR,,,SOSV (HAX),HAX Seed 2025,SOSV,http://tessellate2d.com,https://www.linkedin.com/company/tessellate-2d,,2025-01-01,year,
General Neuro Inc,,Pre-Seed,"Breaking boundaries with shared language. General Neuro (NeuroLingo) is building a closed-loop neurostimulation system paired with an AI-first, gamified language-learning app to accelerate second-language acquisition by boosting brain plasticity…","Health,Consumer",Consumer Devices; Healthcare,Luke Knoble,SOSV (HAX),HAX Seed 2025,SOSV,https://generalneuro.com,https://www.linkedin.com/company/generalneuro,,2025-01-01,year,
Bosonic,$1.04 Million,Pre-Seed,"Building the Engine of the Imagination Age where brilliant people and limitless compute condense to transform the world. By computing with the fundamental laws of nature, quantum systems will unlock solutions we can barely imagine today.",Dev Tools / Cloud,AI & Machine Learning; Data & Information Tech,,SOSV (HAX),HAX Seed 2025,SOSV,https://bosonic.us/,https://www.linkedin.com/company/bosonic-corporation,,2025-01-01,year,
Nabu Optical Systems,"$250,000",Pre-Seed,Pioneering optical lithography for next-generation chip manufacturing Unlock faster production and lower barriers with advanced semiconductor solutions.,"Climate / Sustainability,Deeptech / Robotics / AR/VR",Manufacturing & Energy,"Johnathan Traudt, Imad Agha",SOSV (HAX),HAX Seed 2025,SOSV,https://www.nabulitho.com/,https://www.linkedin.com/company/nabu-optical,,2025-01-01,year,
Chemshift Technologies,"2,000,000",Pre-Seed,More environmentally friendly lithium refining Chemshift Technologies is a Canadian cleantech business striving to transform the North American lithium value chain.,Climate / Sustainability,Manufacturing & Energy; Critical Minerals; Lithium Refining; Battery-Grade Lithium; Midstream Processing; Domestic Supply Chain,"Tyler Barry, Drew Moxon",SOSV (HAX),HAX Seed 2025,SOSV,https://chemshift.com,https://www.linkedin.com/company/chemshift,,2025-01-01,year,
Tenor Energy,"$270,000",Pre-Seed,Electrifying the hardest part of industry: separations Separations consume 15% of the world’s energy and still run on 1800s technology: boiling water off with fuel.,Climate / Sustainability,Energy; Manufacturing & Energy; Industrial Electrification; Separations; Brine Concentration; Lithium Processing; Zero-Liquid Discharge; Water Reuse,,SOSV (HAX),HAX Seed 2025,SOSV,http://tenor.energy,,,2025-01-01,year,
AIR Corp,,Pre-Seed,"Autonomous civil infrastructure inspection with combined hardware and software solution Air Corp is building an AI safety copilot for industrial worksites that continuously monitors operations, detects unsafe behaviors and conditions in real time,…","Dev Tools / Cloud,Transportation / Mobility,Deeptech / Robotics / AR/VR",,Jim La,SOSV (HAX),HAX Seed 2025,SOSV,https://aircorp.ai,https://www.linkedin.com/company/aircorporation,,2025-01-01,year,
Aspect Aerospace,"$500,000",Pre-Seed,"Access a constellation-in-a-box with low-cost, single-board satellites deployed from a host ""aircraft carrier"" on orbit. Aspect Aerospace is redefining how constellations are built and operated with a “single-board satellite” (SBS) platform that…","Dev Tools / Cloud,Transportation / Mobility,Climate / Sustainability,Deeptech / Robotics / AR/VR",Data & Information Tech; Manufacturing & Energy,Drew Russ,SOSV (HAX),HAX Seed 2025,SOSV,https://aspectaerospace.com,https://www.linkedin.com/company/aspect-aerospace,,2025-01-01,year,
Cortisys,,Pre-Seed,"Unlocking the potential Cortisys is building an automated, standalone neuromodulation platform to deliver mental healthcare at scale.",Health,Healthcare,Victor Souza,SOSV (HAX),HAX Seed 2025,SOSV,https://cortisys.fi/,https://www.linkedin.com/company/cortisys,,2025-01-01,year,
Surf Therapeutics,,Pre-Seed,"Non-Invasive, At-home Ultrasound Neuromodulation for Chronic Inflammatory Disorders. Surf Therapeutics, Inc. is a clinical-stage company pioneering the development of non-invasive ultrasound neuromodulation technologies to modulate immune-related…","Health,BioTech",Healthcare,Nishant Doctor,SOSV (HAX),HAX Seed 2025,SOSV,https://www.surftherapeutics.com/,https://www.linkedin.com/company/surf-therapeutics,,2025-01-01,year,
Juno Propulsion,,,Rocket propulsion technology with rotating detonation combustion enabling the next phase of humanity in space Juno Propulsion is pioneering rocket engines based on rotating detonation rocket engine (RDRE) — an approach with the potential to leapfrog…,Deeptech / Robotics / AR/VR,,Ariana Martinez,SOSV (HAX),HAX Seed 2025,SOSV,https://junopropulsion.com,https://www.linkedin.com/company/juno-propulsion,,2025-01-01,year,
NOCEnergy,"$2,700,000",Pre-Seed,"Electrifying High Temperature Industrial Heat NOC Energy replaces fossil-fired process heat with clean electrified heat, cutting industrial customers’ exposure to fuel price volatility while adding demand flexibility and meeting decarbonization…","Climate / Sustainability,Deeptech / Robotics / AR/VR",Climate Tech; Manufacturing & Energy; Robotics; Industrial Heat Electrification; High-Temperature Heat; Thermal Energy Storage; Industrial Decarbonization; Cement; Glass,,SOSV (HAX),HAX Seed 2024,SOSV,https://www.nocenergy.com/,https://www.linkedin.com/company/nocenergy,,2024-01-01,year,
Gynius,,Pre-Seed,"Bridging gaps, empower lives Gynius Plus AB is a Swedish medtech company pioneering accessible, high-quality solutions for women’s health.",,,,SOSV (HAX),HAX Seed 2025,SOSV,http://gynius.se,https://www.linkedin.com/company/gynius-plus-ab-sweden,,2025-01-01,year,
Terra Fusion Energy,"$1,500,000",Seed,"Design and build fusion power cores Bringing fusion energy to the grid, at a cost 10x cheaper than the competition",Climate / Sustainability,Manufacturing & Energy; Fusion Energy; Centrifugal Mirror; Magnetic Mirror; Plasma Physics; Firm Clean Power,Carlos Romero Talams,SOSV (HAX),HAX Seed 2024,SOSV,https://www.tf.energy,https://www.linkedin.com/company/terra-fusion-energy-corporation,,2024-01-01,year,
Cephia,,,"Reimagining vision. Redefining sensing. Cephia AI is co-founded by world-class researchers in computational imaging and AI. the research has been highlighted by Optics & Photonics News as breakthroughs in optics and featured in international media,…",,,,SOSV (HAX),HAX Seed 2024,SOSV,http://cephia.ai,https://www.linkedin.com/company/cephia-ai,,2024-01-01,year,
HabitAware,,Pre-Seed,Retrain your brain with our smart bracelet for compulsive behaviors HabitAware makes an awareness bracelet to prevent face touching. Its Keen bracelet uses machine learning to recognize hand gestures in real time.,"Deeptech / Robotics / AR/VR,Consumer",Consumer Devices; Hard Tech; Human Health; Remote care,"John Pritchard, Aneela Idnani Kumar, Kirk Klobe, Sameer Kumar",SOSV (HAX),HAX 08,SOSV,http://habitaware.com,https://www.linkedin.com/company/liv,,,,
smartAC.com,18000000,Series A,"HVAC remote fault detection and diagnosis SmartAC.com is reimagining HVAC memberships for the modern era. By combining connected technology, contractor enablement, and a homeowner-first experience, SmartAC.com helps contractors accelerate membership…","Climate / Sustainability,Health,Consumer",Climate Tech; Consumer Devices,"Andrew Parks, Josh Teekell",SOSV (HAX),HAX Growth 02,SOSV,http://smartAC.com,https://www.linkedin.com/company/smartac-com-inc,,,,
Blaze Energy,Prefer to not disclose publicly at this time,Pre-Seed,"We turn internal combustion engines into powerful tools for decarbonization. Blaze Energy transforms existing engines to run on zero- or low-carbon fuels like ammonia, with minimal retrofitting.",Climate / Sustainability,Manufacturing & Energy; Maritime Decarbonization; Alternative Fuels; Fuel Reforming; Flex-Fuel Engines; Ammonia Fuel; Methanol Fuel; LNG; Engine Retrofit,,SOSV (HAX),HAX Seed 2024,SOSV,https://blazeenergytech.com,https://www.linkedin.com/company/blaze-energy-technologies,,2024-01-01,year,
YPlasma,$3.25 Million,Seed,"Empowering efficiency through plasma innovation YPlasma, a spin-off from INTA, develops advanced plasma actuators for precise ionic flow control, with applications spanning deicing, cooling, disinfection, aerodynamics, electro-stimulation, and…",Climate / Sustainability,Energy; Manufacturing & Energy,Mario Sanchez,SOSV (HAX),HAX Seed 2024,SOSV,https://www.yplasma.tech,https://www.linkedin.com/company/yplasma,,2024-01-01,year,
Nascent Materials,"$2,700,000",Seed,Powering the energy transition with next-generation cathode materials The U.S. lithium-ion battery industry is at a critical inflection point. More than 90% of cathode materials are produced in Asia—creating a massive cost and security gap in U.S.,Climate / Sustainability,Climate Tech; Energy; Manufacturing & Energy; Materials; Battery Materials; Cathode Materials; Lithium Iron Phosphate; Energy Storage; Domestic Supply Chain,,SOSV (HAX),HAX Seed 2024,SOSV,https://www.nascentmaterials.com,https://www.linkedin.com/company/nascent-materials,,2024-01-01,year,
Windfall Bio,,,Naturally transforming methane into organic fertilizer Harnessing methane-eating microbes to transform harmful GHG methane into organic soil nutrients on-site,Climate / Sustainability,Manufacturing & Energy,Josh Silverman,SOSV (HAX),HAX 2022,SOSV,https://windfall.bio,https://www.linkedin.com/company/windfallbio,,2022-01-01,year,
Namu Robotics,765000,Pre-Seed,"AI-driven autonomous robotics for large-scale, data-verified reforestation [Test Update] Our company is a technology focused company that combines hardware, software and AI to build solutions to help customers in the forestry with their biggest…","Deeptech / Robotics / AR/VR,Transportation / Mobility",Robotics,Jesper Voois,SOSV (HAX),HAX Seed 2024,SOSV,http://namurobotics.ai,https://www.linkedin.com/company/namu-robotics,,2024-01-01,year,
Benerg,275000,Pre-Seed,Building scale biogas technology that converts food waste into energy highly efficiently. Benerg is an innovative renewable energy company that produces electricity from food waste with unprecedented efficiency.,Climate / Sustainability,Manufacturing & Energy,,SOSV (HAX),HAX Seed 2024,SOSV,https://benerg.io,https://www.linkedin.com/company/benerg,,2024-01-01,year,
XEra Energy,1,Pre-Seed,"Redefining the Destiny of Minerals Used in Batteries and Beyond XEra Energy Inc. (San Francisco, 2024) reclaims critical minerals, like Ni and Li, from batteries or ore concentrates using innovative hydro-separation and purification process,…",Climate / Sustainability,Manufacturing & Energy; Critical Minerals; Nickel Refining; Battery Recycling; Hydrometallurgy; Battery Materials; Domestic Supply Chain,,SOSV (HAX),HAX Seed 2024,SOSV,http://xeraenergy.com,https://www.linkedin.com/company/xeraenergy,,2024-01-01,year,
Serene Sleep,865000,Pre-Seed,"Solving snoring and sleep apnea with a simple, in-office 15-minute procedure. Serene Sleep is like Invisalign for snoring and sleep apnea.",Health,Healthcare,,SOSV (HAX),HAX Seed 2024,SOSV,http://serenesleep.io,https://www.linkedin.com/company/serene-sleep,,2024-01-01,year,
Flux Climate Tech,435000,Pre-Seed,Our elevator tech increases owners’ ROI by 25% and reduces global emissions by 300 Mt/y. In 2030 property owners will pay $120 billion every year for the electricity consumed by their elevators.,Climate / Sustainability,Industrial Equipment; Manufacturing & Energy,"Amon Tavor, Haggai Borkow",SOSV (HAX),HAX Seed 2024,SOSV,,,,2024-01-01,year,
Chronos DX,"$225,000",Pre-Seed,Giving people more time. ChronosDx is building a new bioassay platform technology for drug assays on in vitro cell models and non-invasive diagnostics on body fluids.,Health,Healthcare; Human Health,"Ella Mi, James Tyrrell",SOSV (HAX),HAX 2022,SOSV,http://chronosdx.co.uk,https://www.linkedin.com/company/chronosdx,,2022-01-01,year,
Gemma Robotics,$1.6 Million,Pre-Seed,The first autonomous makeup application robot Gemma is an autonomous makeup application robot that helps busy individuals achieve professional makeup looks in minutes.,"Transportation / Mobility,Deeptech / Robotics / AR/VR",,,SOSV (HAX),HAX Seed 2024,SOSV,http://www.gemmarobotics.com,https://www.linkedin.com/company/beautai,,2024-01-01,year,
Navion Energy,300000,Pre-Seed,"Sodium-ion batteries: 100% US supply chains, 50% the cost of lithium, 0% critical minerals Navion Energy specializes in advanced sodium-ion battery technology that offers efficient, cost-effective, and eco-friendly energy solutions.","Logistics / Supply Chain,Climate / Sustainability",Manufacturing & Energy; Sustainable Manufacturing,,SOSV (HAX),HAX Seed 2024,SOSV,https://navion.energy/,https://www.linkedin.com/company/navion-energy,,2024-01-01,year,
Danu Robotics,"$1,500,000",Pre-Seed,"We develop AI guided multi-picker robotic sorting system. Danu Robotics offers an AI-guided multi-picker robotic sorting system to fully automate waste sorting processes, increasing efficiency and revenue for recycling facilities.",Deeptech / Robotics / AR/VR,Robotics; Physical AI; Robotic Sorting; Computer Vision; Recycling; Material Recovery; Waste Management; Circular Economy,,SOSV (HAX),HAX Seed 2024,SOSV,https://danurobotics.com/,https://www.linkedin.com/company/danu-robotics,,2024-01-01,year,
Hidrogenics,"$250,000",Pre-Seed,Building next-gen pyrolysis reactor to produce CO2-free hydrogen & value-added carbon. Hidrogenics solves the problem of current methane pyrolysis technology which is the production of low value carbon product (mostly carbon black).,Climate / Sustainability,Manufacturing & Energy; Sustainable Manufacturing,"Negeen Zara, Moha Shahjamali",SOSV (HAX),HAX Seed 2024,SOSV,http://hidrogenics.com,https://www.linkedin.com/company/hidrogenics,,2024-01-01,year,
Kaio Labs,,Pre-Seed,Accelerating Modular CO2-to-Chemicals Technology Kaio Labs develops carbon dioxide (CO2) conversion technologies that enable point-source conversion of waste emissions into value-added chemicals.,Climate / Sustainability,Climate Tech; Energy; Manufacturing & Energy; Materials,,SOSV (HAX),HAX Seed 2024,SOSV,https://kaiolabs.com/,https://www.linkedin.com/company/kaiolabs,,2024-01-01,year,
Sodex Innovations,$1 Million,Pre-Seed,Sodex Innovations provides a real-time digital twin of construction sites. Sodex Innovations is active in the construction industry and improves digitalization by installing advanced systems on construction machines.,PropTech,Industrial Equipment; Industrial IoT,Ralf Pfefferkorn,SOSV (HAX),HAX Seed 2024,SOSV,https://sodex-innovations.com/,https://www.linkedin.com/company/sodex-innovations,,2024-01-01,year,
Project K Energy,"$500,000",Pre-Seed,"We are experts in the design of new battery chemistries. Project K is developing potassium-ion batteries for fast-charging electric vehicles and affordable stationary storage while eliminating lithium, cobalt, nickel, and copper.",Climate / Sustainability,Manufacturing & Energy; Sustainable Manufacturing; Potassium-Ion Batteries; Lithium-Free; Fast Charging; Energy Storage; AI Data Center Power; EV Batteries,"Sam Wheeler, Kevin Hurlbutt",SOSV (HAX),HAX Seed 2024,SOSV,https://projectk.energy/,https://www.linkedin.com/company/project-k-energy,,2024-01-01,year,
Level Zero Health,"$375,000",Pre-Seed,Level 0 Health is creating the new default for hormone measurement and tracking. Level Zero is a biotech company is creating the new default for measuring and tracking hormones.,Health,Healthcare,,SOSV (HAX),HAX Seed 2024,SOSV,https://levelzerohealth.com,https://www.linkedin.com/company/level-zero-health,,2024-01-01,year,
MIMiC Systems,"$1,800,000",Seed,"Solid-state heating and cooling systems at a building scale Heating and cooling make up the majority of energy consumption in buildings, representing over 40% of energy-related greenhouse gas (GHG) emissions.",Climate / Sustainability,Manufacturing & Energy; Solid-State Heating & Cooling; Thermoelectrics; Heat Pumps; Refrigerant-Free HVAC; Building Decarbonization; Power Electronics,"Theodorian Borca-Tasciuc, Berardo Matalucci",SOSV (HAX),HAX Seed 2023,SOSV,http://mimic.systems,https://www.linkedin.com/company/mimic-systems,,2023-01-01,year,
Silana,1200000,Seed,"Revolutionizing the Fashion Industry with Deep Tech Robotics Fashion is the second most polluting industry on the planet, trumped only by the oil and gas industry.","Deeptech / Robotics / AR/VR,Consumer",Robotics; Physical AI; Sewing Automation; Textile Robotics; Garment Manufacturing; Reshoring; Apparel,"Anton Wohlgemuth, Michael Mayr, Michael Hofmannrichter",SOSV (HAX),HAX Seed 2023,SOSV,http://wearesilana.com,https://www.linkedin.com/company/silana,,2023-01-01,year,
AtoMe,"$1,650,000",Seed,"Developing enhanced-performance materials for metal additive manufacturing To support a world desperately seeking clean energy, materials innovation needs to match the pace of design innovation.",Climate / Sustainability,Manufacturing & Energy; Advanced Alloys; Metal Additive Manufacturing; Nickel Superalloys; Extreme Environments; Oil & Gas; Aerospace; Nuclear Materials,Alexander O’Brien,SOSV (HAX),HAX Seed 2023,SOSV,http://atome.us,https://www.linkedin.com/company/atome-powder,,2023-01-01,year,
Canyon Magnet,500000,Seed,"CME is a HTS magnet innovator and manufacturer to revolutionize the magnet industry. As we look toward to 2050, global energy needs will be doubled.","Deeptech / Robotics / AR/VR,Climate / Sustainability",Manufacturing & Energy; Robotics; Superconducting Magnets; Superconductors; Fusion Supply Chain; Quantum Computing; AI Data Center Power; Cryogenics; Superconducting Energy Storage,,SOSV (HAX),HAX Seed 2024,SOSV,http://www.canyonmagnet.energy,https://www.linkedin.com/company/canyon-magnet,,2024-01-01,year,
Hyperlume,$1.2 Million,Seed,"Enabling technology for scalable green data transfer. AI is already creating a huge electricity burden, with data centres that today consume more electricity than Western countries like the UK, and this is set to grow exponentially.",,Industrial IoT,,SOSV (HAX),HAX Seed 2023,SOSV,https://www.hyperlume.com,https://www.linkedin.com/company/hyperlume-inc,,2023-01-01,year,
3DK Tech,400000,Pre-Seed,"Disrupting the additive manufacturing industry. Metal additive manufacturing has traditionally been confined to prototyping, hindered by the mechanical properties and low reliability of printed parts, which rendered them unsuitable for direct…","Deeptech / Robotics / AR/VR,Climate / Sustainability",Manufacturing & Energy; Robotics,,SOSV (HAX),HAX Seed 2023,SOSV,https://www.3dktech.com/,https://www.linkedin.com/company/3dktech,,2023-01-01,year,
Qnetic,9100000,Seed,Qnetic revolutionises the energy capacity and cost of flywheel energy storage systems. Meeting decarbonization targets necessitates the development of substantial grid-scale storage solutions that can charge and discharge twice a day.,"Dev Tools / Cloud,Climate / Sustainability",Manufacturing & Energy; Flywheel Energy Storage; Long-Duration Energy Storage; Grid-Scale Storage; Lithium-Free; AI Data Center Power; Grid Resilience,,SOSV (HAX),HAX Seed 2023,SOSV,https://www.qnetic.energy/,https://www.linkedin.com/company/qnetic,,2023-01-01,year,
Mesa Quantum,,Seed,"Revolutionizing navigation with chip-scale quantum sensors GPS stands as one of the most remarkable innovations of our era, transcending its use case as navigation tool to become the global reference for time.",Deeptech / Robotics / AR/VR,Industrial IoT; Robotics,,SOSV (HAX),HAX Seed 2023,SOSV,http://mesaquantumsystems.com,https://www.linkedin.com/company/mesa-quantum,,2023-01-01,year,
Terran Robotics,900000,Seed,"Turning dirt into affordable homes The United States is grappling with a significant housing shortage, with the rate of new home construction still trailing behind the pre-2008 financial crisis levels.",Deeptech / Robotics / AR/VR,Robotics; Physical AI; Construction Robotics; Adobe Construction; Housing Affordability; Low-Embodied Carbon; Built Environment,,SOSV (HAX),HAX 2022,SOSV,http://terranrobotics.ai,https://www.linkedin.com/company/terran-robotics,,2022-01-01,year,
Preemadonna,5900000,Seed,"Patented nail robot disrupting the $15B nail care industry Preemadonna builds connected creativity and connected play products, platforms and experiences.","Deeptech / Robotics / AR/VR,Consumer",Consumer Devices; Robotics,Pree Walia,SOSV (HAX),HAX 06,SOSV,http://preemadonna.com,,,,,
TrelliSense,"2,250,000",Seed,"Remote detection, localization, & quantification of methane emissions Methane, with a warming potential 85 times greater than CO2, presents a critical challenge in global warming mitigation efforts.",Climate / Sustainability,Industrial IoT; Manufacturing & Energy; Methane Monitoring; Open-Path Laser Sensing; Photonics; Leak Detection; Emissions Quantification; Oil & Gas; Landfills,"Andy Sappey, Alex Ballasiotes",SOSV (HAX),HAX Seed 2023,SOSV,http://trellisense.com,https://www.linkedin.com/company/trellisense-inc,,2023-01-01,year,
Princeton Critical Minerals,"$15,000,000",Series A,"A cleantech startup boosting lithium production from brine sources Originating from Princeton University, Princeton Critical Materials has developed a pioneering approach to lithium extraction, addressing the critical demand surge anticipated as the…",Climate / Sustainability,Manufacturing & Energy; Critical Minerals; Lithium Extraction; Brine Processing; Evaporation Pond Productivity; Solar-Thermal Evaporation; Potash & Nitrate,"Richard Blue, Jason Ren, Sean Zheng",SOSV (HAX),HAX Seed 2023,SOSV,https://www.pcmtech.com/,https://www.linkedin.com/company/princetoncriticalminerals,,2023-01-01,year,
OLI,473000,Pre-Seed,"Decentralizing kidney care. There are nearly 1 million end-stage kidney patients in the US. And while going to the hospital or center for dialysis is an inconvenience and major disruption to their daily lives, only 1 in 50 patients currently opt for…","Health,Web3 / Crypto",Healthcare,Tom Weindl,SOSV (HAX),HAX Seed 2023,SOSV,http://olitechnologies.com,https://www.linkedin.com/company/oli-inc,,2023-01-01,year,
Material,"$785,000",Seed,Commercializing the 3D printing of energy storage systems Material has created a totally novel approach to battery manufacturing.,"Deeptech / Robotics / AR/VR,Dev Tools / Cloud,Climate / Sustainability",Manufacturing & Energy; Robotics,"Chris Reyes, Gabe Elias",SOSV (HAX),HAX Seed 2023,SOSV,https://www.material.inc,https://www.linkedin.com/company/materialhybridmanufacturing,,2023-01-01,year,
LightHearted AI,$2.45 Million,Pre-Seed,"AI-powered Remote Cardiovascular Diagnostics One in two people over age 65 have an undiagnosed heart valve disease. This leads to hundreds of thousands of individuals per year being diagnosed in critical condition during a hospital admission or,…",Health,AI & Machine Learning; Healthcare,"Lucrezia Cester, Dilip Rajeswari",SOSV (HAX),HAX Seed 2023,SOSV,http://lighthearted.ai,https://www.linkedin.com/company/lightheartedai,,2023-01-01,year,
Cool Amps,650000,Pre-Seed,Innovating to Power an Independent and Sustainable Energy Future The US is facing a frightening shortfall in the critical minerals needed for energy storage & batteries to enable the shift to electrification.,"Deeptech / Robotics / AR/VR,Climate / Sustainability",Manufacturing & Energy; Robotics,"Tom Madden, Lonnie Garris",SOSV (HAX),HAX Seed 2023,SOSV,https://www.coolamps.tech,https://www.linkedin.com/company/cool-amps-corp,,2023-01-01,year,
Cocoon,"$20,000,000",Seed,"Decarbonising the hard-to-abate sectors of steel and cement The steel and cement sectors stand as two of the most significant contributors to global greenhouse gas emissions, presenting considerable challenges in their journey towards…",Climate / Sustainability,Manufacturing & Energy; Low-Carbon Cement; Cement Substitute; Steel Slag; Waste Valorization; Industrial Decarbonization; Built Environment,"William Knapp, Freddie Scott, Eliot Brooks",SOSV (HAX),HAX Seed 2023,SOSV,http://cocooncarbon.com,https://www.linkedin.com/company/cocooncarbon,,2023-01-01,year,
Mitico,$1.9 Million,Seed,"Mitigate the impact industrial carbon emissions have on people and the environment Many legacy industries present large challenges to decarbonize, and at the same time are needed to fulfill global energy demands in the short term.",Climate / Sustainability,Manufacturing & Energy,"Alan Gu, Clément Cid",SOSV (HAX),HAX Seed 2023,SOSV,http://mitico.tech,https://www.linkedin.com/company/miticotech,,2023-01-01,year,
Biometallica,,Pre-Seed,"Green and sustainable metal recycling at low temperatures Over 53 million tons of electronics are discarded every year, wasting $57 billion worth of recoverable metals.",Climate / Sustainability,Industrial Equipment; Sustainable Manufacturing,Kwadwo Ansah-Antwi,SOSV (HAX),HAX Seed 2023,SOSV,http://biometallica.com,https://www.linkedin.com/company/biometallica,,2023-01-01,year,
Arculus Solutions,750000,Seed,"Future-proof natural gas transmission pipelines to enable safe hydrogen transportation Oil and gas pipelines corrode over time, driving down throughput and driving up maintenance costs and replacement downtime.","Deeptech / Robotics / AR/VR,Transportation / Mobility,Climate / Sustainability",Manufacturing & Energy; Robotics; Pipeline Coatings; Corrosion Prevention; Thin-Film Coatings; In-Pipe Robotics; Oil & Gas; Friction Reduction; Hydrogen-Ready Pipelines,Gianluca Roscioli,SOSV (HAX),HAX Seed 2023,SOSV,http://arculus-solutions.com,https://www.linkedin.com/company/arculus-solutions,,2023-01-01,year,
Altiro Energy,,Seed,"Decarbonizing heat and power generation The transition to low carbon, behind-the-meter power generation at industrial facilities is fraught with challenges.",Climate / Sustainability,Manufacturing & Energy,Samson Bowen-Bronet,SOSV (HAX),HAX Seed 2023,SOSV,http://altiroenergy.com,https://www.linkedin.com/company/altiro-energy,,2023-01-01,year,
Algoma,,Seed,"Automating the repeatable delivery of zero-carbon buildings In the face of a significant housing shortage and sustainability crisis, the real estate development sector struggles with inefficiency and escalating costs.","Logistics / Supply Chain,Climate / Sustainability",AI & Machine Learning; Manufacturing & Energy,"Seyfihan Usarer, Josef Bromovsky",SOSV (HAX),HAX Seed 2023,SOSV,http://algoma.co,https://www.linkedin.com/company/algomaco,,2023-01-01,year,
Aurasense,545000,Pre-Seed,"Invisible Tools for Neurology Care Currently, neurological conditions are diagnosed using very subjective criteria, creating multiple problems, including inaccurate, unhelpful diagnoses.",Health,AI & Machine Learning; Healthcare,"Amber Ivey, David Charlot",SOSV (HAX),HAX Seed 2023,SOSV,http://aurasense.health,https://www.linkedin.com/company/aurasensetech,,2023-01-01,year,
Clarity,,Series A,"Leading the clean air movement Clarity’s mission is to solve the global air pollution problem through better data. By integrating IoT hardware and cloud-based data analytics, Clarity’s Smart City Air Quality Monitoring helps customers scale up…","Climate / Sustainability,Deeptech / Robotics / AR/VR",Climate Tech; Hard Tech; Human Health; Industrial IoT,David Lu,SOSV (HAX),HAX 05,SOSV,http://clarity.io,https://www.linkedin.com/company/claritymovement,,,,
Reach Industries,,Seed,"Insight is power Reach Industries developed a robotics software platform leveraging CV/ML to augment scientists, automate data collection and make labs more efficient.",Deeptech / Robotics / AR/VR,Enterprise Software; Hard Tech; Robotics,"Chris Beck, Silas Adekunle",SOSV (HAX),HAX 2020,SOSV,https://www.reach.industries/,https://www.linkedin.com/company/reachindustries,,2020-01-01,year,
AMATEC,,Pre-Seed,"High-speed construction platform While essential to building the structures that enable and improve our everyday life, concrete is responsible for a whopping 8 percent of global carbon emissions; 90 percent of these emissions come from the…","Deeptech / Robotics / AR/VR,PropTech,Climate / Sustainability",Manufacturing & Energy; Robotics,"Mohsen Zehtabchian, Igor Stavrulov",SOSV (HAX),HAX Seed 2023,SOSV,http://amatec-corp.com,https://www.linkedin.com/company/amatec-corp,,2023-01-01,year,
Tandem,,Pre-Seed,Attachable EVs for Heavy Duty Vehicles Tandem is the premier EV and hybrid technology company for the heavy-duty vehicle industry.,Transportation / Mobility,Industrial Equipment,Matthew Sabatini,SOSV (HAX),HAX 2022,SOSV,http://drivetandem.com,https://www.linkedin.com/company/drivetandem,,2022-01-01,year,
Renewell Energy,"$4,210,000",Series A,"oil wells that end well Currently there are over 2 million idle and orphan oil wells in the US, representing a $400B liability to oil & gas companies to clean up these sites.",Climate / Sustainability,Manufacturing & Energy; Gravity Energy Storage; Long-Duration Energy Storage; Well Repurposing; Oil & Gas; Grid Storage; AI Data Center Power,"Stefan Streckfus, Kemp Gregory",SOSV (HAX),HAX 2022,SOSV,http://renewellenergy.com,https://www.linkedin.com/company/renewell-energy,,2022-01-01,year,
OpenShelf,,Seed,"Inventory Automation that doesn't cost a fortune We are currently facing large labor shortages across healthcare. Despite increasing demand for healthcare, there is insufficient growth of labor, and in fact there has been a 5% per year drop in…","Health,Deeptech / Robotics / AR/VR,Logistics / Supply Chain",Healthcare; Robotics,"James Steinberg, Chiu Chau",SOSV (HAX),HAX Seed 2023,SOSV,http://openshelf.com/,https://www.linkedin.com/company/openshelf,,2023-01-01,year,
wild.,,Pre-Seed,it all starts with the battery. First easily customizable off-the-shelf battery pack.,Climate / Sustainability,Industrial Equipment,"Justin Rodenburg, Riley Rodenburg",SOSV (HAX),HAX 2022,SOSV,http://wild---energy.com,https://www.linkedin.com/company/wildtechnologiesinc,,2022-01-01,year,
Still Bright,"$21,000,000",Series A,"Advancing the sustainable, economic, and domestic production of copper To reach Net-Zero by 2050, the world needs to produce as much copper in the next 26 years as it has produced in all of human history.",Climate / Sustainability,Manufacturing & Energy; Critical Minerals; Copper; Electrochemical Extraction; Smelting Alternative; Mining; Domestic Supply Chain,Jon Vardner,SOSV (HAX),HAX 2022,SOSV,http://stillbright.co,https://www.linkedin.com/company/still-bright,,2022-01-01,year,
Solano Energy,,Seed,Power the future Asset-light power company bringing accessible renewable energy to everyone.,"Climate / Sustainability,Consumer",Consumer Devices,"Binh Le, Tuan-Anh Tran",SOSV (HAX),HAX 2022,SOSV,https://www.solano.energy,https://www.linkedin.com/company/solano-energy,,2022-01-01,year,
PONS,2000000,Seed,PONS creates disease progression insights that were never collected before. PONS is disrupting the $100B clinical trial and biomarker industry by converting any mobile ultrasound into a powerful data source.,"Health,Deeptech / Robotics / AR/VR,Data & Analytics",Healthcare; Robotics,"Ilker Hacihaliloglu, Soner Hacihaliloglu",SOSV (HAX),HAX 2022,SOSV,http://ponstech.co,https://www.linkedin.com/company/ponstech,,2022-01-01,year,
Metal Light,,Pre-Seed,"New power generation technology, clean and sustainable, fueled by metal and air Despite their widespread use, diesel generators are noisy, emit unpleasant odors, and contribute significantly to environmental pollution.","Deeptech / Robotics / AR/VR,Climate / Sustainability",Manufacturing & Energy; Robotics,Ryan Goethals,SOSV (HAX),HAX 2022,SOSV,http://metallight.io,https://www.linkedin.com/company/metal-light-inc,,2022-01-01,year,
DIA,,Seed,Sensing that changes lives Cortisol is the gold standard in detecting human health & well-being. Cortisol is a steroid hormone made by the kidneys that is commonly referred to as “the stress hormone.” Measurement of cortisol levels to determine…,Health,Healthcare,"Fernando Webb, Sloane Tilley",SOSV (HAX),HAX 2022,SOSV,https://www.diasensor.com/,https://www.linkedin.com/company/diasensor,,2022-01-01,year,
Mazlite,,Seed,Mazlite provides an Industrial IoT platform for spray monitoring and digitization Spraying and coating is a 220+ billion dollar market.,"Deeptech / Robotics / AR/VR,Climate / Sustainability",Manufacturing & Energy; Robotics,"Cameron Dallas, Amirreza Amighi",SOSV (HAX),HAX 2022,SOSV,http://mazlite.com,https://www.linkedin.com/company/mazlite,,2022-01-01,year,
Ayrton Energy,"$10,000,000",Pre-Seed,"Breaking the limits of hydrogen storage Ayrton Energy’s mission is to provide energy security fueled by hydrogen. Ayrton’s proprietary technology enables hydrogen to be stored within an organic liquid, which can be handled and transported no…","Dev Tools / Cloud,Climate / Sustainability",Industrial Equipment; Hydrogen; Hydrogen Storage & Transport; Liquid Organic Hydrogen Carrier; Electrochemistry; Existing Fuel Infrastructure; Energy Security,"Brandy Kinkead, Natasha Kostenuk",SOSV (HAX),HAX Seed 2023,SOSV,http://ayrtonenergy.com,https://www.linkedin.com/company/ayrton-energy,,2023-01-01,year,
Vue Smart Glasses,700000,Seed,World's first everyday smart glasses Vue is the world’s first pair of smart glasses that are designed for everyday use. Vue’s frames are packed with technology hidden inside regular-looking frames.,"CPG,Consumer",Consumer Devices,"Tiantian Zhang, Jason Gui",SOSV (HAX),HAX 03,SOSV,http://vueglasses.com,https://www.linkedin.com/company/18125950,,,,
Renovate Robotics,$3.75 Million,Seed,"Roofing Robot The US is facing a massive labor shortage, which has dramatic implications to new home construction, repairs to existing units in case of damage due to ever-increasing storms as a result of climate change, and also severely delays…",Deeptech / Robotics / AR/VR,Robotics,Andy Stulc,SOSV (HAX),HAX 2021,SOSV,http://renovaterobotics.com,https://www.linkedin.com/company/renovate-robotics,,2021-01-01,year,
Harae Dx,350000,Pre-Seed,"Healthcare for all Harae Dx has developed the world’s fastest, low-cost, portable and automated cancer detection system. Using an exclusively-licensed panel of biomarkers from Lawrence Livermore National Labs and the above technology, Harae Dx has…",Health,Diagnostics; Healthcare,Sanjeev Saxena,SOSV (HAX),HAX 2021,SOSV,http://www.haraedx.com,https://www.linkedin.com/company/harae-dx-corp,,2021-01-01,year,
LexxPluss,,Series A,Accelerating Industrial Transformation to Autonomous-Infrastructure LexxPluss is a highly customizable hybrid autonomous mobile robot (hybrid-AMR) provider for automated transportation systems.,"Deeptech / Robotics / AR/VR,Dev Tools / Cloud,Transportation / Mobility",Robotics,Masaya Aso,SOSV (HAX),HAX Tokyo 2020,SOSV,http://lexxpluss.com,https://www.linkedin.com/company/lexxpluss,,2020-01-01,year,True
Gaia AI,"$4,250,000",Seed,"Applying robotics and AI to solve climate change. Gaia AI is an MIT & Harvard startup using drones, LiDAR, and computer vision to collect high-quality biomass data in forests, helping land owners, project developers, and investors understand the…","Climate / Sustainability,Deeptech / Robotics / AR/VR",AI & Machine Learning; Climate Tech; Robotics; Forestry; Timber Inventory; LiDAR; Geospatial AI; Wildfire Resilience; Carbon & Biodiversity Measurement; Utility Vegetation Management,"Matt Carpenter, Peter McHale",SOSV (HAX),HAX 2022,SOSV,http://gaia-ai.eco,https://www.linkedin.com/company/79833755,,2022-01-01,year,
Artyc,$12 Million,Growth,"Enabling easy, long-lasting, and sustainable cold shipping Artyc is on a mission to decarbonize cold chain logistics with refrigerant-free, reusable, active cooling containers.","Climate / Sustainability,Logistics / Supply Chain",Circular Economy; Climate Tech; Energy; Industrial IoT,"Mark Langer, Hannah Sieber",SOSV (HAX),HAX 2022,SOSV,http://shipartyc.com,https://www.linkedin.com/company/artycpbc,,2022-01-01,year,
Cargo Kite,,Pre-Seed,CargoKite enables flexible maritime logistics through 100% emission free micro cargo ships Cargokite is building micro cargo ships powered completely by wind energy.,"Deeptech / Robotics / AR/VR,Logistics / Supply Chain,Climate / Sustainability",Hard Tech; Industrial Equipment; Robotics,"Marcus Bischoff, Amelie Binder, Tim Linnenweber",SOSV (HAX),HAX 2022,SOSV,http://cargokite.com,https://www.linkedin.com/company/cargokite,,2022-01-01,year,
Caldo Restaurant Technologies,$2.2 Million,Seed,Kitchen automation that can go anywhere Caldo uses compact robots to automate commercial kitchen tasks.,,Industrial Equipment,"Jorge Guerra, Jose Alonso",SOSV (HAX),HAX 2022,SOSV,http://caldo.io,https://www.linkedin.com/company/caldo-restaurant-technologies,,2022-01-01,year,
Portable Diagnostic Systems,"$285,000",Seed,"We bring the lab to you. The fentanyl crisis is tearing the US apart, taking lives and destroying communities. Real-time testing that can deliver quantitative results ensures that harm and loss of life can be minimized.",Health,AI & Machine Learning; Healthcare,"Igor Muravchik, Michael P. McRae, Glennon W. Simmons",SOSV (HAX),HAX 2022,SOSV,http://portabledx.com,https://www.linkedin.com/company/portable-diagnostic-systems-llc,,2022-01-01,year,
Striemo,,Seed,A super maneuverable and stable e-scooter Striemo is a super maneuverable and stable e-scooter which spined out from Honda. The new type of e-scooter opened the market for people who need safer mobility device in city.,"Climate / Sustainability,Deeptech / Robotics / AR/VR,Transportation / Mobility,Consumer",Climate Tech; Consumer Devices; Hard Tech,"Keisuke Kishikawa, Yotaro Mori",SOSV (HAX),HAX 2022,SOSV,http://striemo.com,https://www.linkedin.com/company/striemo,,2022-01-01,year,
ACiiST Smart Networks Ltd.,150000,Seed,Making smart city connectivity infrastructure ACiiST’s MetropoLAN distributed switching technologies upgrade cities with broadband communication and electricity 24/7 everywhere.,Dev Tools / Cloud,Industrial IoT,"Yoram Sacham, Ran Kalif, Sagi Gurfinkel",SOSV (HAX),HAX 2018,SOSV,http://aciist.com,https://www.linkedin.com/company/gravityforms,,2018-01-01,year,
Yeelight,,Growth,"Smart lighting solutions Yeelight is creating a brand new, high-quality, and comfortable lighting experience with smarter user operation, providing personalized, and superior quality lighting.",Consumer,Consumer Devices; Industrial IoT,"Wen Chen, Daping LIU, Eric Jiang",SOSV (HAX),HAX 02,SOSV,http://yeelight.com,https://www.linkedin.com/company/yeelink,,,,
Untap,$5.8 Million,Seed,Containing the illnesses of today and preventing the pandemics of tomorrow Untap Health was born out of a desire to disrupt the way we live with illness.,Health,Diagnostics; Healthcare; Human Health,"Jay Bullen, Claire Trant",SOSV (HAX),HAX 2021,SOSV,http://untaphealth.com,https://www.linkedin.com/company/untaphealth,,2021-01-01,year,
unspun,7500000,Series A,"Evolved apparel. Made just for you. We’re a fashion company with technology in our veins. Our mission is to reduce global carbon emissions by 1% through automated, localized, and intentional manufacturing for apparel.","Climate / Sustainability,Deeptech / Robotics / AR/VR,CPG",Climate Tech; Hard Tech; Industrial Equipment; Sustainable Manufacturing; 3D Weaving; Apparel Manufacturing; On-Demand Production; Zero-Waste Manufacturing; Reshoring; Textiles,"Arne Arens, Kevin Martin, Beth Esponnette, Walden Lam",SOSV (HAX),HAX 11,SOSV,http://unspun.io,https://www.linkedin.com/company/unspun-,,,,
Smartex,,Series A,Textile industry production defects reduced to zero Smartex has developed defective product detection and production monitoring software for the knitting textile industry.,"Climate / Sustainability,Deeptech / Robotics / AR/VR",Climate Tech; Hard Tech; Industrial IoT; Sustainable Manufacturing,"António Rocha, Gilberto Loureiro, Paulo Ribeiro",SOSV (HAX),HAX 2018,SOSV,http://smartex.ai,https://www.linkedin.com/company/smartex-ai,,2018-01-01,year,
SepPure,$15.2M,Series A,"The sustainable solution to industrial chemical separation SEPPURE has created a sustainable chemical-resistant nano-filtration technology to replace energy-intensive chemical separation processes, like distillation, in multiple industries including…","Climate / Sustainability,Deeptech / Robotics / AR/VR",Climate Tech; Hard Tech; Industrial Equipment,Mohammad H. D.A. Farahani,SOSV (HAX),HAX 2018,SOSV,http://seppure.com,https://www.linkedin.com/company/seppure,,2018-01-01,year,
Rightbot,255000,Seed,Plug-and-play goods-to-person robotics for micro-fulfilment and fulfilment centers Rightbot automates operational warehouses with minimal disruption and infrastructural changes.,"Deeptech / Robotics / AR/VR,Gaming / Media / Entertainment",Hard Tech; Robotics,"Anurag Dutta, Abhinav Warrier",SOSV (HAX),HAX 2020,SOSV,https://rightbot.com/,https://www.linkedin.com/company/31283602,,2020-01-01,year,
R-Zero,,Growth,"A new standard for disinfection R-Zero Systems is the first company built from the ground up to tackle the transmission of pathogens in the COVID-19 era, making UV-C disinfection technologies accessible to all.","Climate / Sustainability,Deeptech / Robotics / AR/VR",Climate Tech; Hard Tech; Human Health; Industrial IoT; Robotics,"Jennifer Nuckles, Ben Boyer",SOSV (HAX),HAX 2020,SOSV,http://rzero.com,https://www.linkedin.com/company/rzerosystems,,2020-01-01,year,
PIX Moving,,Growth,"Rebuilding the city with autonomous mobility PIX devices provide on-demand moving services, such as an unattended vending car, mobile office, self-driving hotel, and moving karaoke.","Climate / Sustainability,Deeptech / Robotics / AR/VR,Transportation / Mobility",Climate Tech; Hard Tech; Robotics,Angelo Yu,SOSV (HAX),HAX 02,SOSV,https://www.pixmoving.com/,https://www.linkedin.com/company/14478414,,,,
Motion Metrics Limited,720000,Series A,Using digital coaching to redefine how physical activities are taught Motion Metrics Limited creates hardware and software to teach you how to perform and improve during physical activity.,"Deeptech / Robotics / AR/VR,Future of Work,Consumer",Consumer Devices; Hard Tech,"Jamie Grant, Pruthvikar Reddy",SOSV (HAX),HAX 06,SOSV,http://getcarv.com,https://www.linkedin.com/company/carvbymotionmetrics,,,,
Mesh++,570000,Seed,"Solar-powered Wi-Fi routers Mesh++ has created solar-powered Wi-Fi routers with a proprietary mesh protocol that ensures a minimal loss of throughput with each jump, thus enabling massively-efficient outdoor Wi-Fi.","Deeptech / Robotics / AR/VR,Climate / Sustainability",Hard Tech; Industrial IoT,Danny Gardner,SOSV (HAX),HAX 11,SOSV,https://meshplusplus.com/,https://www.linkedin.com/company/16267306,,,,
xTool,,Growth,"Aluminum version of Lego Mindstorms Makeblock is a construction platform. It provides strong parts mostly made of hardened aluminum that can be used to build build robots, 3D-printers, artwork, and more.",Consumer,Consumer Devices; Industrial IoT,Jasen Wang,SOSV (HAX),HAX 01,SOSV,https://www.makeblock.com/,https://www.linkedin.com/company/makeblock,,,,
Leadoptik,$6.9 Million,Series A,Shrinking Optics. Unlocking Possibilities Last Inch Assessment (LIA) Technology from LEADOPTIK is transforming real-time depth imaging and bridging the gap between diagnosis and therapy for early-stage lung cancer.,"Deeptech / Robotics / AR/VR,Health",Diagnostics; Hard Tech; Healthcare; Human Health,Reza Khorasaninejad,SOSV (HAX),HAX 2020,SOSV,http://leadoptik.com,https://www.linkedin.com/company/leadoptik,,2020-01-01,year,
Labrador Systems,,Series A,Assistive robots for the elderly Labrador’s assistive robots empower individuals to age in place more independently and with dignity.,Deeptech / Robotics / AR/VR,Hard Tech; Human Health; Remote care; Robotics,"Nikolai Romanov, Mike Dooley",SOSV (HAX),HAX 2019,SOSV,http://labradorsystems.com,https://www.linkedin.com/company/labradorsystems,,2019-01-01,year,
Kokoon Technology,6100000,Series A,Intelligent audio to aid sleep and relaxation The Kokoon app delivers specialist audio sessions and programs clinically validated to help people naturally relax and sleep.,Consumer,Consumer Devices; Human Health,"Marta Checa, Richard Hall, Nick Horsley, Tim Antos",SOSV (HAX),HAX 06,SOSV,http://kokoon.io,https://www.linkedin.com/company/5341680,,,,
Kniterate,,Pre-Seed,"The digital knitting machine Kniterate is an affordable and compact digital knitting machine for your workshop. It turns your digital designs into knitted garments automatically, allowing you to go from an idea into a design ready to be made within…",Deeptech / Robotics / AR/VR,Hard Tech; Industrial Equipment,"Triambak Saxena, Gerard Rubio",SOSV (HAX),HAX 08,SOSV,http://kniterate.com,https://www.linkedin.com/company/kniterate,,,,
Kinexcs,,Seed,Monitoring and tracking solutions for the orthopedic industry Kinexcs is building high-resolution wearable devices to enhance patient experience and quality of care for rehabilitation.,"Deeptech / Robotics / AR/VR,Health,Consumer",Consumer Devices; Hard Tech; Healthcare; Human Health,"Jagjit Singh, Abhishek Agrawal",SOSV (HAX),HAX 11,SOSV,http://www.kinexcs.com,https://www.linkedin.com/company/kinexcs,,,,
kegg,350000,Seed,Fertility understood kegg leverages the power of AI and the world’s largest dataset on vaginal health to revolutionize women’s healthcare.,"Deeptech / Robotics / AR/VR,Health,Consumer",Consumer Devices; Hard Tech; Human Health; Mental health,"Kristína Cahojova, Scott Shwarts",SOSV (HAX),HAX 11,SOSV,http://kegg.tech,https://www.linkedin.com/company/11229219,,,,
Japet Medical,1600000,Seed,The first exoskeleton against back pain Japet Medical Devices is developing robotic equipment for the most advanced quality of treatment for back pain.,"Deeptech / Robotics / AR/VR,Health,CPG",Hard Tech; Healthcare; Human Health; Medtech; Remote care,"Antoine Noel, Damien BRATIC",SOSV (HAX),HAX 09,SOSV,http://japet.eu,https://www.linkedin.com/company/japet,,,,
Inbolt,,Seed,"3D vision-based positioning solution that improves accuracy in complex assembly processes Inbolt is tracking and optimizing physical industrial processes for hand-held tools, robotic arms, and AGVs.",Deeptech / Robotics / AR/VR,Hard Tech; Industrial IoT,"Rudy Cohen, Louis Dumas, Albane Dersy",SOSV (HAX),HAX 2019,SOSV,https://inbolt.fr,https://www.linkedin.com/company/inbolt,,2019-01-01,year,
Green Li-ion,,Series A,Battery recycling technology for higher yields and purity Green Li-ion is building novel industrial chemistry to fully rejuvinate and recycle lithium-ion batteries.,"Climate / Sustainability,Deeptech / Robotics / AR/VR",Climate Tech; Energy; Hard Tech; Industrial Equipment,"Leon Farrant, Reza Katal",SOSV (HAX),HAX 2020,SOSV,http://greenli-ion.com,https://www.linkedin.com/company/green-li-ion,,2020-01-01,year,
Fairmart,,Seed,Boost foot traffic to your retail store Fairmart​ drives sales for local retailers by making their products searchable by customers in their neighborhood. We do this through a combination of IoT and SEO to drive in-store transactions.,,Industrial IoT,"Jan Gasparic, Daniil Moskovtsov",SOSV (HAX),HAX 2020,SOSV,http://fairmart.app,https://www.linkedin.com/company/fairmart-technology,,2020-01-01,year,
CRIAM,1300000,Seed,"Portable blood testing device for accessible, on-the-spot diagnostics Optimize blood testing services, by bringing a reliable, affordable and rapid diagnostic solution close to every patient.","Deeptech / Robotics / AR/VR,Health",Diagnostics; Hard Tech; Healthcare; Human Health,Vitor Crespo,SOSV (HAX),HAX 09,SOSV,http://criamknowledge.com,https://www.linkedin.com/company/criam,,,,
CleanRobotics,1000000,Series A,Robotics for a greener tomorrow CleanRobotics has built an autonomous sorting system that makes recycling affordable for businesses and profitable for recycling plants.,"Climate / Sustainability,Deeptech / Robotics / AR/VR",Climate Tech; Hard Tech; Industrial IoT; Robotics,"Vaishnavi Krishnamurthy, Charles Yhap, Koushil Sreenath",SOSV (HAX),HAX 08,SOSV,http://cleanrobotics.com,https://www.linkedin.com/company/cleanrobotics,,,,
Circadia,1000000,Series A,"Predictive Technology for Proactive Senior Care Circadia enables the early detection of respiratory complications, the third leading cause of death, to save patient lives.","Health,Deeptech / Robotics / AR/VR",Digital Health; Hard Tech; Healthcare; Human Health; Remote care,"Fares Siddiqui, Michal Maslik",SOSV (HAX),HAX 09,SOSV,http://circadia.health,https://www.linkedin.com/company/circadia,,,,
Butlr,1500000,Growth,"AIoT insight and intelligence for indoor movement and body temperature Butlr’s deploys privacy conscious sensor networks to quantify human movement in settlings like supermarkets, big-box retailers, homes, and offices.",,AI & Machine Learning; Industrial IoT,"Ziran Zhang, Honghao Deng",SOSV (HAX),HAX 2020,SOSV,http://butlr.tech,https://www.linkedin.com/company/butlr-io,,2020-01-01,year,
"Bitome, Inc.",700000,Pre-Seed,"Better tools, faster science Bitome uses metabolomic insights to drive efficient biomanufacturing. Bitome’s magnetic-resonance/neural-network-driven platform provides quantified analysis of the cell culture environment—enabling bio-based products to…","Deeptech / Robotics / AR/VR,Health",Hard Tech; Healthcare; Industrial Equipment,"Jens Höfflin, Trevor Kemp, Herbert Ryan",SOSV (HAX),HAX 09,SOSV,http://bitome.com,https://www.linkedin.com/company/7967369,,,,
Bartesian,,Series A,Premium cocktails on demand Bartesian is a single-serve cocktail machine that creates premium cocktails at the push of a button.,Consumer,Consumer Devices,Ryan Close,SOSV (HAX),HAX 06,SOSV,http://bartesian.com,https://www.linkedin.com/company/bartesian,,,,
Sidework,1100000,Seed,"Reshaping the way beverages are crafted and served Backed by leading venture capital funds, Sidework’s technology ecosystem helps ambitious hospitality companies amplify their human workforce, reduce risk, and increase joy.","Deeptech / Robotics / AR/VR,CPG",Food Software; Hard Tech; Robotics,"Adam Elghor, Brian Kaplan, Kevin Monpara, Rishabh Kewalramani",SOSV (HAX),HAX 2019,SOSV,https://www.sidework.co,https://www.linkedin.com/company/sideworkdispenser,,2019-01-01,year,
Babybe GmbH,300000,,Soft robotics for neonatal healthcare BABYBE is a bionic mattress that keeps mothers and their babies connected through the process of artificial incubation.,"Health,Deeptech / Robotics / AR/VR",Digital Health; Hard Tech; Healthcare; Remote care,"Maximilian Blendinger, Camilo Anabalon, Raphael P.M. Lang",SOSV (HAX),HAX 03,SOSV,http://babybemedical.com,https://www.linkedin.com/company/babybe,,,,
Avidbots,,Growth,"Commercial cleaning robots Avidbots is building autonomous robots for commercial floor cleaning. Avidbot’s sweeping and scrubbing robots cooperate to clean department stores, auto dealerships, education facilities, and airports.",Deeptech / Robotics / AR/VR,AI & Machine Learning; Hard Tech; Robotics,"Faizan Sheikh, Pablo Molina, Ken Anderson",SOSV (HAX),HAX 04,SOSV,http://avidbots.com,https://www.linkedin.com/company/avidbots-corp,,,,
Amber Agriculture,,Seed,Kernel-like sensor for grain asset management Amber Agriculture helps farmers manage grain assets leveraging IoT and analytics.,"Climate / Sustainability,Deeptech / Robotics / AR/VR",AgTech; Climate Tech; Hard Tech; Industrial IoT,"Lucas Frye, Joseph Varikooty",SOSV (HAX),HAX 09,SOSV,http://amber.ag,https://www.linkedin.com/company/amber-agriculture,,,,
Allozymes,,Seed,Fast and affordable enzyme development platform Allozymes is building a platform to discover and scale novel enzymes powered by microfludics.,"Climate / Sustainability,Deeptech / Robotics / AR/VR,Health,Dev Tools / Cloud",Climate Tech; Hard Tech; Healthcare; Human Health,"Akbar Vahidi, Peyman Salehian",SOSV (HAX),HAX 2019,SOSV,http://allozymes.com,https://www.linkedin.com/company/allozymes,,2019-01-01,year,
AiSight,325000,,Automating machine diagnostics for manufacturing AiSight uses machine data to predict and prevent machine malfunction by dynamically regulating machine parameters using self-learning AI algorithms.,"Deeptech / Robotics / AR/VR,Health",AI & Machine Learning; Hard Tech; Industrial IoT,"Renan Duarte, Matthias Auf Der Mauer, Maximilian von Duering",SOSV (HAX),HAX 2018,SOSV,http://aisight.de,https://www.linkedin.com/company/aisight,,2018-01-01,year,
Aeromutable,,Seed,Active response to aerodynamic changes Aeromutable is building an active airflow system to improve truck aerodynamics and decrease fuel consumption for heavy transport.,Climate / Sustainability,Climate Tech; Industrial Equipment,"Sandra Manosalvas-Kjono, David Manosalvas-Kjono",SOSV (HAX),HAX 2022,SOSV,http://aeromutable.com,https://www.linkedin.com/company/aeromutable,,2022-01-01,year,
Pushme,,,Battery swap stations for last-mile transport Pushme is charging-as-a-service for electric bicycles and scooters.,"Deeptech / Robotics / AR/VR,Transportation / Mobility,Logistics / Supply Chain,Climate / Sustainability",Hard Tech; Industrial IoT,"George Kalligeros, Dan Keene",SOSV (HAX),HAX 11,SOSV,https://www.pushme.bike/,,,,,
Skygauge Robotics,,Seed,Workforce in the Skies Skygauge is building drones which can operate at height in commercial and industrial environments.,"Deeptech / Robotics / AR/VR,Future of Work",Hard Tech; Robotics,"Nikita Iliushkin, Maksym Korol, Linar Ismagilov",SOSV (HAX),HAX 2019,SOSV,http://skygauge.co,https://www.linkedin.com/company/skygauge,,2019-01-01,year,
M5Stack,,,Quick and easy IoT development M5Stack is a modular IoT development platform built to allow developers to increase speed of rapid prototyping and product scaling.,"Deeptech / Robotics / AR/VR,Consumer",Consumer Devices; Hard Tech,Lai Jingming,SOSV (HAX),HAX China 01,SOSV,http://www.m5stack.com/,https://www.linkedin.com/company/m5stack,,,,
Nuada,3300000,Seed,Exoskeleton glove Nuada is a soft exoskeleton wearable system that helps users to hold heavy objects with their hands completely relaxed.,"Deeptech / Robotics / AR/VR,Health,Consumer",Consumer Devices; Hard Tech; Healthcare; Human Health,Fernando Nogueira,SOSV (HAX),HAX 10,SOSV,http://nuada.pt,https://www.linkedin.com/company/nuada-lda,,,,
Unicorn Biotechnologies,,Series A,"Powering the cellular agriculture revolution Unicorn Biotechnologies is accelerating science & technology to power the rapidly growing, trillion-dollar bioeconomy. Mammalian cells are the building blocks for transformative markets.","Climate / Sustainability,Deeptech / Robotics / AR/VR,BioTech",Alt Protein; Climate Tech; Hard Tech; Robotics; Therapeutics,"Adam Glen, Jack Reid",SOSV (HAX),HAX 2021,SOSV,https://www.unicornb.io/,https://www.linkedin.com/company/unicorn-biotechnologies,,2021-01-01,year,
Forward Robotics Inc.,,Pre-Seed,"High-productivity, precision aerial-spraying VTOL drones Forward Robotics builds drones for vertical takeoff and landing in extreme environments.","Deeptech / Robotics / AR/VR,Future of Work",Hard Tech; Robotics,"Tamara Jean Finlay, Meng Wei",SOSV (HAX),HAX 2018,SOSV,http://www.forwardrobotics.com,https://www.linkedin.com/company/forward-robotics,,2018-01-01,year,
Samphire Neuroscience,$2.3 Million,Seed,"Neurotechnology for Women's Health Needs Samphire is building smart, wearable neurotechnology designed for women who want to be and feel productive regardless of their cycle-related challenges.",Health,Healthcare; Human Health; Remote care; Women's Health,"Emilė Radytė, Alex Cook",SOSV (HAX),HAX 2021,SOSV,https://samphireneuro.com,https://www.linkedin.com/company/samphireneuro,,2021-01-01,year,
Zio Health,,Seed,Biotechnology company focused on producing diagnostic and monitoring devices ZIO health’s proprietary pocket-sized technology brings lab testing to the point of care to improve patient outcomes.,"Deeptech / Robotics / AR/VR,Health,BioTech",Hard Tech; Healthcare; Medtech,"Francesca Napoli, Neel Patel, Shaolin Liang",SOSV (HAX),HAX 10,SOSV,http://zio-health.com,https://www.linkedin.com/company/zio-health,,,,
Mowito,,Pre-Seed,Robotics for grocery fulfilment Mowito is building pick and place robots for rapid and precise e-commerce fulfillment.,"Deeptech / Robotics / AR/VR,Gaming / Media / Entertainment,CPG",Hard Tech; Robotics,Puru Rastogi,SOSV (HAX),HAX 2021,SOSV,http://mowito.in,https://www.linkedin.com/company/mowito,,2021-01-01,year,
Youibot,,Growth,Autonomous mobile robotic solutions Youibot builts autonomous robots for industrial use cases in automated manufacturing and logistics.,"Deeptech / Robotics / AR/VR,Transportation / Mobility",Hard Tech; Industrial IoT; Robotics,"Zhang Hui, Zhao Wanqiu, Xu Jin, Amber 齐芸芝",SOSV (HAX),HAX China 02,SOSV,http://youibot.com,https://www.linkedin.com/company/youibot,,,,
Chirp,,Pre-Seed,Making medical alert work for everyone Chirp is building ambient sensing technology for seniors aging in place.,"Health,Consumer",Consumer Devices,"Parthipan Siva, Justin Schorn",SOSV (HAX),HAX 2021,SOSV,http://mychirp.com,https://www.linkedin.com/company/mychirp,,2021-01-01,year,
Vici Robotics,,Pre-Seed,Commercial RaaS for retailers Vici Robotics is developing pick-and-place robotics for retailers to automate warehousing and stocking.,"Deeptech / Robotics / AR/VR,Consumer",Hard Tech; Robotics,Kyle Smith,SOSV (HAX),HAX 2021,SOSV,http://vicirobotics.com,https://www.linkedin.com/company/vici-robotics,,2021-01-01,year,
Swap Robotics,"$17,000,000",Seed,Robots for Solar Vegetation Cutting & Snow Removal Utility-scale solar power is on-track to become the world’s #1 energy source by the 2040’s.,"Climate / Sustainability,Deeptech / Robotics / AR/VR",Climate Tech; Energy; Hard Tech; Robotics; Physical AI; Field Robotics; Utility-Scale Solar; Solar Construction; Solar Maintenance; Vegetation Management; Robotics-as-a-Service,Tim Lichti,SOSV (HAX),HAX 2022,SOSV,http://swaprobotics.com,https://www.linkedin.com/company/swaprobotics,,2022-01-01,year,
xFuel,"$29,000,000",Pre-Seed,"Advanced fuel for the future Novel industrial reactors for safe and cost-effective conversion of biomass waste into a clean and drop-in fuel for road, marine and aviation applications","Climate / Sustainability,Deeptech / Robotics / AR/VR",Climate Tech; Energy; Hard Tech; Industrial Equipment; Marine Fuel; Waste-to-Fuel; Drop-In Fuel; Maritime Decarbonization; Waste Oil Refining; Shipping Emissions Compliance,"Jose Pérez, Nicholas Ball",SOSV (HAX),HAX 2022,SOSV,http://xfuel.com,https://www.linkedin.com/company/xfuelhq,,2022-01-01,year,
Sana,24000000,Series A,"Pain and mental health relief on demand Sana offers wearable light therapy that helps a broad range of pain and mental health disorders, including fibromyalgia, neuropathic pain, and anxiety.","Health,Deeptech / Robotics / AR/VR",Digital Health; Hard Tech; Healthcare; Human Health; Mental health; Remote care,Richard Hanbury,SOSV (HAX),HAX 08,SOSV,http://sana.io,https://www.linkedin.com/company/sana-health,,,,
Grounded AI,3500000,Seed,"Mobile 3D mapping providing efficient, accurate, and safe numerical measurements Grounded AI (previously RockMass) provides geologists with mobile data collection tools to collect structural data more efficiently, accurately, and safely.",Deeptech / Robotics / AR/VR,Hard Tech; Industrial Equipment; Industrial IoT,Shelby Yee,SOSV (HAX),HAX 11,SOSV,https://groundedai.com,https://www.linkedin.com/company/grounded-ai-make-the-underground-visible,,,,
Lura Health,2539500,Seed,"Integrated continual health-monitoring platform Americans and humans globally are facing multiple health crises, as they are plagued by chronic disease, which require consistent tracking in order to provide effective treatment.","Deeptech / Robotics / AR/VR,Health",AI & Machine Learning; Hard Tech; Healthcare; Human Health; Remote care,"Saam Bozorg, Noah Hill, Daniel Weinstein",SOSV (HAX),HAX 2019,SOSV,http://lurahealth.com,https://www.linkedin.com/company/lura-health,,2019-01-01,year,
Tumi Robotics,,Pre-Seed,Automating inspection tasks in the mining industry Tumi Robotics builds robots for inspection and monitoring of hard to access areas.,Deeptech / Robotics / AR/VR,Hard Tech; Robotics,"Claudia Akamine, Francisco Fabián Cuéllar Córdova",SOSV (HAX),HAX 2020,SOSV,http://tumirobotics.com,https://www.linkedin.com/company/tumi-robotics,,2020-01-01,year,
Pulsenics,,Pre-Seed,Unlocking the potential of data in the electrochemical industry Pulsenics uses electrochemistry to improve the efficiency of electrochemistry.,"Climate / Sustainability,Deeptech / Robotics / AR/VR",Climate Tech; Hard Tech; Industrial IoT,"Mariam Awara, Benjamin Maxwell, Essam Elsahwi",SOSV (HAX),HAX 2020,SOSV,http://pulsenics.com,https://www.linkedin.com/company/pulsenics,,2020-01-01,year,
Nordetect,2450000,Seed,"Monitoring, Reporting, and Verification for Climate-related Industries Nordetect is a ClimateTech company that produces lab-on-a-chip devices for the rapid analysis of water quality of industrial samples.","Climate / Sustainability,Deeptech / Robotics / AR/VR",AgTech; Climate Tech; Hard Tech; Industrial IoT,Keenan Pinto,SOSV (HAX),HAX 11,SOSV,http://nordetect.com/,https://www.linkedin.com/company/nordetect,,,,
SunGreenH2,"$7,500,000",Seed,Revolutionizing zero-emissions green hydrogen SunGreenH2 is developing a breakthrough membrane for high efficiency green hydrogen production with electrolysis.,"Climate / Sustainability,Deeptech / Robotics / AR/VR",Climate Tech; Energy; Hard Tech; Sustainable Manufacturing; Electrodes; Electrochemical Stacks,"Saeid Panah, Tulika Raj",SOSV (HAX),HAX 2020,SOSV,http://sungreenh2.com,https://www.linkedin.com/company/sungreenh2,,2020-01-01,year,
Hydrostasis,1750000,Pre-Seed,"Optimal hydration for everyday health and performance Hydrostasis sensor platform provides actionable, real-time, and personalized hydration information that impacts health, safety, and performance.",Health,Healthcare; Human Health; Nutrition & Wellness,"Misha Shirman, Debbie Chen",SOSV (HAX),HAX 2021,SOSV,http://hydrostasis.com,https://www.linkedin.com/company/hydrostasis,,2021-01-01,year,
The Last Gameboard,,Seed,Console and platform to digitize tabletop games The Last Game board combines physical and digital gameplay in a gameboard for consumers.,"Gaming / Media / Entertainment,Consumer",Consumer Devices,"Tim Schukar, Shail Mehta",SOSV (HAX),HAX 2020,SOSV,http://lastgameboard.com,https://www.linkedin.com/company/the-last-gameboard,,2020-01-01,year,
Digi Bio,,Pre-Seed,Programmable bio-chips to automate experiments Digi.Bio is accelerating the development of life saving cell therapies with a lab-on-a-chip and computational platform that analyzes how cell therapies perform and evaluate their outcome down to the…,Deeptech / Robotics / AR/VR,AI & Machine Learning; Hard Tech; Industrial Bio; Industrial Equipment,"Jelmer Cnossen, Federico Muffatto, Frido Emans",SOSV (HAX),HAX 10,SOSV,http://digi.bio,https://www.linkedin.com/company/digi,,,,
Q5D,$5.9 Million,Series A,"Disrupting the global wiring harness market Wiring is the critical element that makes so many of moder-day products function. Despite major advances in our approach to these products and their manufacturing, wiring of these products is still made by…","Deeptech / Robotics / AR/VR,Climate / Sustainability",Hard Tech; Manufacturing & Energy; Robotics,"Chris Elsworthy, Stephen Bennington",SOSV (HAX),HAX 2021,SOSV,http://q5dtechnology.com,https://www.linkedin.com/company/q5d,,2021-01-01,year,
Strados Labs,1250000,Series A,Making Every Breath Count Strados’ system detects pulmonary abnormalities earlier and more often through a small skin worn stethoscope that measures breathing patterns and lung sounds (like wheezing or coughing).,"Deeptech / Robotics / AR/VR,Consumer",Consumer Devices; Hard Tech,"Richard Powers, Nick Delmonico",SOSV (HAX),HAX 2018,SOSV,http://stradoslabs.com,https://www.linkedin.com/company/strados-labs,,2018-01-01,year,
Flow Neuroscience,220000,Series A,Brain stimulation wearable and app-based therapy to treat clinical depression Flow Neuroscience offers a medication-free depression treatment that combines a brain stimulation wearable and an app-based therapy program.,"Deeptech / Robotics / AR/VR,Health",Hard Tech; Healthcare; Human Health; Mental health,"Erin Lee, Erik Rehn, Daniel Mansson",SOSV (HAX),HAX 10,SOSV,http://flowneuroscience.com,https://www.linkedin.com/company/flow-neuroscience,,,,
Neupeak Robotics,,Seed,Feeding the future Neupeak is automating agricultural harvesting for fruits and vegetables like strawberries with robots.,"Climate / Sustainability,Deeptech / Robotics / AR/VR",AgTech; Robotics,"Anshul Porwal, Div Gill, Raffaella Di Mattia",SOSV (HAX),HAX 2020,SOSV,http://neupeak.com,https://www.linkedin.com/company/neupeak,,2020-01-01,year,
Presso,$12 Million,Series A,"Laundry Sucks. We're here to change that. Founded in 2018 by Nishant Jain and Thibault Corens, Presso is an Atlanta-based AI-robotics company harnessing the power of technology to create the first line of on-demand, low-carbon, express garment care…",Deeptech / Robotics / AR/VR,Hard Tech; Robotics,"Thibault Corens, Nishant Jain",SOSV (HAX),HAX 2018,SOSV,http://www.getpresso.com,https://www.linkedin.com/company/getpresso,,2018-01-01,year,
Pulse Industrial,,Seed,IoT solutions for industrial equipment failures Pulse Industrial is digitizing chemical plants with stream trap based sensor networks.,"Climate / Sustainability,Deeptech / Robotics / AR/VR",Climate Tech; Hard Tech; Industrial IoT,"Bryan Fedorak, Thomas Uhlenbruck",SOSV (HAX),HAX 2019,SOSV,http://pulseindustrial.ca,https://www.linkedin.com/company/pulseindustrial,,2019-01-01,year,
ViaBot,6100000,Series A,Autonomous robots for outdoor commercial tasks ViaBot builds multi-functional robots that take care of outdoor chores for commercial properties.,"Deeptech / Robotics / AR/VR,Transportation / Mobility",Hard Tech; Robotics,"Dawei Ding, Gregg Ratanaphanyarat",SOSV (HAX),HAX 11,SOSV,https://www.viabot.com/,https://www.linkedin.com/company/viabot,,,,
Perimeter,,Pre-Seed,Outdoor monitoring subscription that prevents home invasions Perimeter is building a sending platform to monitor home invasions at the earliest sign.,Consumer,Industrial IoT,"Michael Schramm, Munjal Budhabhatti",SOSV (HAX),HAX 2020,SOSV,http://www.getperimeter.co,,,2020-01-01,year,
Lilu,700000,Seed,"Technology to empower new moms Lilu automates breast massage and compression (that mothers do and experts recommend). Their solution reduces the problems related to breastfeeding and helps mothers pump, track, and manage their breast milk supply.","Deeptech / Robotics / AR/VR,Health,Consumer",Consumer Devices; Hard Tech; Healthcare; Human Health; Women's Health,"Adriana Vazquez Ortiz, Sujay Suresh Kumar",SOSV (HAX),HAX 10,SOSV,http://wearlilu.com,https://www.linkedin.com/company/lilu-inc,,,,
Mechasys,,Pre-Seed,Visual layout positioning Mechasys provide accurate and rapid layout positioning for construction sites with lasers.,Deeptech / Robotics / AR/VR,Hard Tech; Industrial IoT,"Charles Ha, William St-Pierre, Jonathan Lefebvre",SOSV (HAX),HAX 2019,SOSV,http://mechasys.ca,https://www.linkedin.com/company/27208353,,2019-01-01,year,
Particle,,Growth,The number one development platform for the Internet of Things Particle’s full-stack Internet of Things (IoT) device platform gives you the hardware and software you need to securely and reliably connect your IoT devices to the web.,"Deeptech / Robotics / AR/VR,Dev Tools / Cloud",Data & Information Tech; Hard Tech; Industrial IoT,"Zach Supalla, Will Hart, Zachary Crockett",SOSV (HAX),HAX 02,SOSV,http://particle.io,https://www.linkedin.com/company/particleio,,,,
WakeCap,685000,Series A,Improving safety and productivity in construction WakeCap Technologies Inc’s wearable product overcomes the challenges of digitizing field logistics in the construction sector.,"Deeptech / Robotics / AR/VR,Future of Work,PropTech",Enterprise Software; Hard Tech; Industrial Equipment,"Hassan Albalawi, Badis Glaied, Ishita Sood",SOSV (HAX),HAX 11,SOSV,http://www.wakecap.com,https://www.linkedin.com/company/25065591,,,,
"The VIT Initiative, LLC",,,Eliminating injuries and illnesses before they happen VIT uses IoT sensors and predictive analytics to prevent workplace injuries before they happen.,Deeptech / Robotics / AR/VR,Hard Tech; Industrial IoT,"Andy Chan, Connor Young",SOSV (HAX),HAX 2019,SOSV,http://vitinitiative.com,https://www.linkedin.com/company/vit-initiative,,2019-01-01,year,
UnBoxRobotics,$12M,Series A,Unbox the future of logistics automation UnBox Robotics automates warehousing and logistics with vertical systems designed for use in warehouses located in urban areas.,"Deeptech / Robotics / AR/VR,Logistics / Supply Chain",Hard Tech; Robotics,"Shahid Memon, Pramod Ghadge",SOSV (HAX),HAX 2019,SOSV,http://unboxrobotics.com,https://www.linkedin.com/company/unboxrobotics,,2019-01-01,year,
FluidAI,$13.5M,Series A,Platform for detecting post-operative complications NERv is creating the first-ever platform to detect post-operative complications in real-time.,"Deeptech / Robotics / AR/VR,Health",Diagnostics; Hard Tech; Healthcare; Human Health; Remote care,"Amr Abdelgawad, Youssef Helwa, Abdallah El-Falou",SOSV (HAX),HAX 2018,SOSV,https://fluidai.md,https://www.linkedin.com/company/nerv-inc-,,2018-01-01,year,
xRobotics,,Seed,Full suite of robotic automation for commercial pizza kitchens xRobotics is automating pizza production with robotics.,Deeptech / Robotics / AR/VR,Hard Tech; Robotics,"Roman Sharapov, Denis Rodionov",SOSV (HAX),HAX 2019,SOSV,http://xrobotics.io,https://www.linkedin.com/company/xrobotics,,2019-01-01,year,
Surface,,Seed,"Industry polishing robots Surface designs and develops industry-polishing robots that can polish multiple materials like metal, wood, plastics, and composite materials.",Deeptech / Robotics / AR/VR,Hard Tech; Robotics,Du Ling,SOSV (HAX),HAX China 2020,SOSV,http://surobopilot.com,https://www.linkedin.com/company/surface-robot,,2020-01-01,year,True
Flair,3100000,Series A,"Electrification, demand response, energy efficiency Flair builds a Smart Vent suite for rapid retrofitting of central heating and cooling and a Minisplit controller compatible with over one billion non-smart air conditioners operating today.",Climate / Sustainability,Climate Tech; Energy; Industrial IoT,"Daniel Myers, Kenny Tay",SOSV (HAX),HAX 06,SOSV,http://flair.co,https://www.linkedin.com/company/3784910,,,,
Elephant Robotics,,Series A,"Cooperative robot with an integrated robot arm, voice, and vision system Elephant Robotics builds low cost robotic arms with integrated vision and control systems. Their robots are used across manufacturing, education, and research.",Deeptech / Robotics / AR/VR,Hard Tech; Robotics,"Kirin Wu, Junyi Song",SOSV (HAX),HAX China 01,SOSV,http://www.elephantrobotics.com/en/,https://www.linkedin.com/company/elephantrobotics,,,,
Revol Technologies Inc,,,"Custom-fit Bluetooth earphones Ultimate Ears is building quick-molding, custom-fit Bluetooth earphones that will solve common problems associated with comfort, cost, and process.","Deeptech / Robotics / AR/VR,Consumer",Consumer Devices; Hard Tech,"Navi Cohen, Daniel Blumer, Tali Katz",SOSV (HAX),HAX 07,SOSV,http://revols.com,https://www.linkedin.com/company/revol-technologies-inc,,,,
Petronics,,,An intelligent robotic mouse for your cat Petronics is focused on building pet products to enhance the happiness and wellbeing of your furriest family members.,"Deeptech / Robotics / AR/VR,Consumer",Consumer Devices; Hard Tech; Robotics,"David Jun, Dave Cohen",SOSV (HAX),HAX 05,SOSV,http://petronics.io,https://www.linkedin.com/company/petronics,,,,
Feel Therapeutics,1800000,Series A,"Biomarkers and digital therapeutics for mental health Feel is developing biomarkers and digital therapeutics to bring objective data and measurement in the way we diagnose, manage, and care for mental health.","Deeptech / Robotics / AR/VR,BioTech,Health,Consumer",Consumer Devices; Hard Tech; Human Health; Mental health; Remote care,"Haris Tsirbas, George Eleftheriou",SOSV (HAX),HAX 09,SOSV,http://myfeel.co,https://www.linkedin.com/company/sentio-solutions-inc-,,,,
Lief Therapeutics,,Seed,Wearable that helps you combat stress Lief Therapeutics behavioral coaches and wearable smart patch empower patients to improve their mental health without going to the clinic.,"Deeptech / Robotics / AR/VR,Health,BioTech",Hard Tech; Healthcare; Human Health; Mental health; Remote care,"Billy Frese, Nathanael Wolfe, Rohan Dixit",SOSV (HAX),HAX 07,SOSV,https://getlief.com/,https://www.linkedin.com/company/lief-therapeutics,,,,
Petcube,,Series A,Dropcam + Instagram for pets Petcube keeps people connected with their pets with its interactive Petcube camera and a mobile community of pet lovers. Petcube is a global leader at the intersection of connected home and pet care.,Consumer,Consumer Devices,"Alexander Neskin, Yaroslav Azhnyuk, Andrey Klen",SOSV (HAX),HAX 03,SOSV,http://petcube.com,https://www.linkedin.com/company/petcube,,,,
Minut,2500000,Series A,"Connect to home Minut’s sensor monitors your home by analyzing sounds and the indoor environment. It can alert you when it detects alarms, breaking windows, or unexpected activity when you’re away.","Deeptech / Robotics / AR/VR,Consumer",Consumer Devices; Hard Tech; Industrial IoT,"Fredrik Ahlberg, Nils Mattisson, Marcus Ljungblad",SOSV (HAX),HAX 05,SOSV,http://minut.com,https://www.linkedin.com/company/minut,,,,
DARMA,,Series A,Your personal sitting coach Darma is the world’s first “inactivity tracker”—a non-invasive smart cushion to monitor your sitting habits and improve your physical and mental health.,"Deeptech / Robotics / AR/VR,Consumer",Consumer Devices; Hard Tech; Human Health; Remote care,"Vic Song, Junhao Hu",SOSV (HAX),HAX 04,SOSV,http://darma.co,https://www.linkedin.com/company/darma-inc-,,,,
FLOWBIO,,Seed,Wearable that monitors biomarkers from sweat FLOWBIO builds wearable and non-invasive technology to quantify data in an athlete’s sweat.,"Deeptech / Robotics / AR/VR,Consumer",Consumer Devices; Hard Tech,"Giovanni Rovere, Stefan van der Fluit",SOSV (HAX),HAX 2020,SOSV,http://flowbio.com,https://www.linkedin.com/company/flowbio,,2020-01-01,year,
VoltStorage,2700000,Growth,"An electric storage device for clean solar power VoltStorage is a vanadium redox flow battery that is safer, cheaper, and more durable than lithium ion.","Climate / Sustainability,Deeptech / Robotics / AR/VR,Dev Tools / Cloud",Climate Tech; Energy; Hard Tech; Industrial IoT,"Felix Kiefl, Jakob Bitner, Michael Peither",SOSV (HAX),HAX 09,SOSV,http://voltstorage.com,https://www.linkedin.com/company/voltstorage,,,,
Tensorfield Agriculture,$2.9 Million,Pre-Seed,Agricultural robots for a future without herbicides Tensorfield Agriculture supports the commercial adoption of thermal micro-dosing for weed control in vegetable crops – they eradicate weeds using only heated vegetable oil.,"Climate / Sustainability,Deeptech / Robotics / AR/VR",AgTech; Hard Tech; Industrial Equipment,"Louise Thomas, Xiong Chang, Sandeep Mirchandani, Cheehan Weereratne",SOSV (HAX),HAX 2018,SOSV,https://tensorfield.ag,https://www.linkedin.com/company/tensorfield-agriculture,,2018-01-01,year,
Divigas,350000,Series A,"Next-generation hydrogen purification DiviGas is a Singapore-based industrial membrane supplier for refineries, chemical processors, and industrial processors.","Climate / Sustainability,Deeptech / Robotics / AR/VR",Climate Tech; Energy; Hard Tech; Industrial IoT,"Andre Lorenceau, Ali Naderi",SOSV (HAX),HAX 2019,SOSV,http://divigas.co,https://www.linkedin.com/company/divigas,,2019-01-01,year,
Robomart,3500000,Series A,"Waymo for Delivery Based in Glendale, CA, Robomart is the world leader in autonomous retail, creator of the first self-driving store and the world’s most advanced delivery robots.","Deeptech / Robotics / AR/VR,Logistics / Supply Chain",Robotics,"Ali Ahmed, Tigran Shahverdyan, Emad Rahim",SOSV (HAX),HAX 2020,SOSV,https://robomart.ai,https://www.linkedin.com/company/robomart,,2020-01-01,year,
Dispatch,,,Making delivery smart Dispatch is creating a platform for local delivery powered by a fleet of autonomous vehicles designed for sidewalks and pedestrian spaces.,"Deeptech / Robotics / AR/VR,Logistics / Supply Chain",Hard Tech; Robotics,"Uriah Baalke, Jia Hao Lim, Sonia Jin, Stav Braun",SOSV (HAX),HAX 07,SOSV,http://dispatch.ai,https://www.linkedin.com/company/dispatch.ai,,,,
Amper,,Series A,"Real-time machine analytics for factory owners Amper is a clip-on device to help factory owners and managers analyze power consumption of their machines, predict downtime, and deploy predictive maintenance.","Deeptech / Robotics / AR/VR,Data & Analytics",Hard Tech; Industrial IoT,"Akshat Thirani, Phil House, Sachin Lal",SOSV (HAX),HAX 09,SOSV,http://amper.xyz,,,,,
Deepspin,$7.75 Million,Seed,"The first truly low-cost MRI machine DeepSpin is developing AI-powered MRI imaging machine at a fraction of the cost, size, and weight of standard systems.","Deeptech / Robotics / AR/VR,Health",Hard Tech; Healthcare; Human Health,"Pedro Silva, Clemens Tepel",SOSV (HAX),HAX 2020,SOSV,http://deepspin.io,https://www.linkedin.com/company/deepspin,,2020-01-01,year,
Neurode,$3.9 Million,Seed,Changing the way we treat ADHD Neurode is actively tracking and improving symproms of ADHD with transcranial stimulation.,Health,Digital Health; Healthcare; Human Health; Mental health,"Damian Sofrevski, Nathalie Gouailhardou",SOSV (HAX),HAX 2021,SOSV,http://neurode.com.au,https://www.linkedin.com/company/neurode,,2021-01-01,year,
Vertiq,100000,Seed,The ultimate motor for versatility and performance IQ Motion Control brings advanced motor control technology to a wide range of robotics fields without adding significant cost to production.,Deeptech / Robotics / AR/VR,Hard Tech; Industrial IoT; Robotics,Matt Piccoli,SOSV (HAX),HAX 11,SOSV,https://www.vertiq.co,https://www.linkedin.com/company/iqinetics,,,,
Neptune Robotics,,Series A,Automated biofouling management & robotic hull cleaning system Neptune’s robots clean ship hulls to remove biomass accumulation and increase fuel efficiency by up to 18%.,"Climate / Sustainability,Deeptech / Robotics / AR/VR",AI & Machine Learning; Climate Tech; Robotics,"Jacky Im, Kate Ma, Elizabeth Chan",SOSV (HAX),HAX 2018,SOSV,https://neptune-robotics.com/,https://www.linkedin.com/company/neptunerobotics,,2018-01-01,year,
nura,,Growth,Headphones that learn and adapt to your unique hearing Nura is a new headphone that integrates unique soundwave technology to automatically measure your hearing (from the outer ear all the way to the brain) and adapt music perfectly to you.,"Deeptech / Robotics / AR/VR,Consumer",AI & Machine Learning; Consumer Devices; Hard Tech,"Luke Campbell, Dragan Petrovic, Kyle Slater",SOSV (HAX),HAX 08,SOSV,http://nuraphone.com,https://www.linkedin.com/company/nura-music,,,,
Simbe Robotics,,Growth,Automating retail Simbe Robotics is building the world’s first fully autonomous robotic shelf-auditing and analytics solution for retail.,Deeptech / Robotics / AR/VR,Hard Tech; Robotics,"Jeff Gee, Mirza Akbar Shah, Brad Bogolea",SOSV (HAX),HAX 07,SOSV,http://simberobotics.com,https://www.linkedin.com/company/simbe,,,,
Ray IoT,2500000,Seed,"Non-contact sleep and wellness tracker for babies Ray IoT Solutions, Inc. has created the first and only non-contact wellness and sleep tracker. This product tracks respiration rate and movement patterns without putting anything on the human body.","Deeptech / Robotics / AR/VR,Consumer",AI & Machine Learning; Consumer Devices; Hard Tech,"Ranjana Nair, Sanchi Poovaya, Aardra Kannan Ambili",SOSV (HAX),HAX 09,SOSV,https://www.raybaby.us/,,,,,
OpenTrons,,Growth,"Lab robots for people OpenTrons has a liquid handling robot for small- to medium-scale laboratories that would be appropriate for testing in hospitals everywhere. In a 10-robot configuration, OpenTrons can run up to 15,000 COVID-19 tests per week.",Deeptech / Robotics / AR/VR,Hard Tech; Human Health; Industrial Bio; Industrial Equipment; Robotics,"Chiu Chau, Jonathon Badal, Will Canine",SOSV (HAX),HAX 05,SOSV,http://opentrons.com,https://www.linkedin.com/company/opentrons-labworks-inc,,,,
Tinkamo,100000,Seed,Connected STEM toys Tinkamo is an education technology company that empowers kids with new technologies to discover and reimagine the world. Tinkamo believe that information technology and artificial intelligence will deeply reform the society.,Consumer,Consumer Devices; Education & EdTech,"Jam Zhang, Chen Ran",SOSV (HAX),HAX China 02,SOSV,https://www.tinkamo.com/,https://www.linkedin.com/company/tinkamo-inc,,,,
Hearth Labs,,Pre-Seed,Measuring the missing half of thermal comfort Hearth Labs makes thermal-LiDAR sensors for better building HVAC efficiency.,"Climate / Sustainability,Deeptech / Robotics / AR/VR",Climate Tech; Energy; Hard Tech; Industrial IoT,Nicholas Houchois,SOSV (HAX),HAX 2019,SOSV,http://www.hearthlabs.com,https://www.linkedin.com/company/hearth-labs,,2019-01-01,year,
Drip AI,,Seed,"Hydropanel harvests Drip AI harvests water from the air completely passively and at scale, yielding water that is up to five times cheaper than tap water.",Climate / Sustainability,Climate Tech; Industrial Equipment,"Ramadan Borayek, Oussama Harouch",SOSV (HAX),HAX 2021,SOSV,https://www.drip-ai.com/,https://www.linkedin.com/company/drip-ai,,2021-01-01,year,
Medical Device Corner,$1.23 Million,Seed,Improving the diagnosis and treatment of cancers MDC builds robotic systems that can be used by physicians on patients during MRI and CT scans.,"Deeptech / Robotics / AR/VR,Health,BioTech",Hard Tech; Healthcare; Human Health,Sam Frishman,SOSV (HAX),HAX 2021,SOSV,https://meddevcorner.com,https://www.linkedin.com/company/meddevcorner,,2021-01-01,year,
Neurocess,,Pre-Seed,"Wearable technology for healthcare, gaming, and professional athletes Neurocess’ clinical-level EMG-derived muscle data provides valuable insights related to athletic performance, injury risks, and training efficiency.","Health,Gaming / Media / Entertainment,Consumer",Consumer Devices; Medtech,"Mert Ergeneci, Erhan Ertan, Kaan Gokcesu",SOSV (HAX),HAX 2018,SOSV,http://neurocess.co,https://www.linkedin.com/company/neurocess-inc,,2018-01-01,year,
XN Health,249999,Pre-Seed,Muscle through the ICU XN Health is building a medical device to improve outcomes of ventilated patients through phrenic nerve stimulation.,"Deeptech / Robotics / AR/VR,Health",Hard Tech; Healthcare; Human Health,Elizabeth Jaworski,SOSV (HAX),HAX 2021,SOSV,http://xn-health.com,https://www.linkedin.com/company/xn-health,,2021-01-01,year,
HausBots,,Pre-Seed,Protecting the built environment Hausbots is using robotics to protect and maintain the built environment at height.,Deeptech / Robotics / AR/VR,Robotics,"Jack Cornes, Harry Smith",SOSV (HAX),HAX 2020,SOSV,http://hausbots.com,https://www.linkedin.com/company/hausbots,,2020-01-01,year,
Wazer,170000,Seed,"World's first advanced desktop waterjet cutter WAZER is the world’s first affordable digital cutting device that cuts any material with water, bringing the precision of waterjet cutting to engineers, makers, designers, and hobbyists.",Deeptech / Robotics / AR/VR,Hard Tech; Industrial Equipment,"Nisan Lerea, Matthew Nowicki",SOSV (HAX),HAX 08,SOSV,http://wazer.com,https://www.linkedin.com/company/wazer,,,,
Pinpoint,,Seed,"Surgical robotic systems Pinpoint’s surgical robotic systems provides surgeons with extremely reliable sub-milimeter accuracy for biopsy behind the rib cage, where surgical equipment must pass in between individual rib bones.","Deeptech / Robotics / AR/VR,Health",Hard Tech; Healthcare; Human Health; Robotics,"Zhuo Li, Yang Jiaolong",SOSV (HAX),HAX China 03,SOSV,http://pinpointrobot.cn,,,,,
Cradlewise,$13.3M,Series A,Smart cribs for babies Cradlewise builds a smart crib which can soothe babies back to sleep at the earliest signs of waking.,"Deeptech / Robotics / AR/VR,Health,Consumer",Consumer Devices; Hard Tech; Healthcare; Human Health; Women's Health,"Radhika Patil, Bharath Patil",SOSV (HAX),HAX 2019,SOSV,https://cradlewise.com,https://www.linkedin.com/company/cradlewise,,2019-01-01,year,
RxAll Inc.,$4 Million,Seed,Instant drug testing RxAll is building a pharmacy platform which provides chemcially verified drug quality and authenticated quality control.,"Deeptech / Robotics / AR/VR,Health,BioTech",Hard Tech; Healthcare; Human Health,"Amy Kao, Adebayo Alonge",SOSV (HAX),HAX 2019,SOSV,http://rxall.net,https://www.linkedin.com/company/rxall-inc,,2019-01-01,year,
Livin Farms,100000,Series A,Feeding the world while saving the planet Livin Farms has figured out a fundamentally more efficient and sustainable way to produce protein for the animal feed industry.,"Climate / Sustainability,Deeptech / Robotics / AR/VR",AgTech; Climate Tech; Hard Tech; Robotics,Katharina Unger,SOSV (HAX),HAX 07,SOSV,http://livinfarms.com,https://www.linkedin.com/company/l-i-v-i-n-farms,,,,
Somatic,,Series A,Commercial bathroom cleaning robots SOMATIC is a robotic cleaning service for commercial bathrooms.,Deeptech / Robotics / AR/VR,AI & Machine Learning; Hard Tech; Robotics,"Eugene Zasoba, Michael Levy",SOSV (HAX),HAX 2018,SOSV,http://getsomatic.com,https://www.linkedin.com/company/somatic,,2018-01-01,year,
Verdex Technologies,,Pre-Seed,"A Revolution In Green Advanced Materials Filtration media represents a $100B climate problem. Current materials are filled with harmful microplastics and polluting forever chemicals, and they are low performance while at the same time high cost.",Climate / Sustainability,Sustainable Manufacturing,,SOSV (HAX),HAX 2023,SOSV,https://www.verdextech.com,https://www.linkedin.com/company/verdex-tech,,2023-01-01,year,True
