Name,Amount Raised,Round,Description,Everywhere Sectors,Verticles,Team,Investors,Date of Announcement,Source,Website,LinkedIn
Aaptiv,,Pre-Seed,Comprehensive fitness for every body and every goal,Consumer,Consumer,,Pear VC,,Pear VC,https://aaptiv.com/,https://www.linkedin.com/company/aaptiv
Abstractive,,Pre-Seed,AI medical record summaries and clinical Q&A for providers,Health,Healthcare,,Pear VC,,Pear VC,https://www.abstractivehealth.com/,
Acely,,Seed,AI tutor and personal study trainer for the SAT & ACT,Consumer,Consumer,,Pear VC,,Pear VC,https://acely.com/,
Adaptive Real Estate,,Seed,AI-native project accounting platform for construction,"FinTech / Insurance,PropTech",AI Applications,,Pear VC,,Pear VC,https://www.adaptive.build/,https://www.linkedin.com/company/adaptiverealestate
Advex,,,Computer vision platform for manufacturing defect detection,Dev Tools / Cloud,AI Applications,,Pear VC,,Pear VC,https://www.advex.ai/,
Affinity,,Seed,The CRM for private capital,,B2B,,Pear VC,,Pear VC,https://pear.vc/companies/affinity/,https://www.linkedin.com/company/pear-vc
AfterHour,,Pre-Seed,Social copy trading app for retail stock investors,"Consumer,FinTech / Insurance",Consumer,,Pear VC,,Pear VC,https://afterhour.com/,
Akko,,Seed,Device protection and insurance for all electronics,FinTech / Insurance,FinTech,,Pear VC,,Pear VC,https://getakko.com/,https://www.linkedin.com/company/getakko
Aklivity,,Pre-Seed,API gateway for real-time Kafka data streaming,"Gaming / Media / Entertainment,Dev Tools / Cloud",AI Infrastructure,,Pear VC,,Pear VC,https://www.aklivity.io/,https://www.linkedin.com/company/aklivity
Allocate,,Seed,"Automated time-tracking, project planning, and resource allocation technology",,AI Applications,,Pear VC,,Pear VC,https://www.sage.com,
Alpine Bio,,Pre-Seed,Molecular farming platform growing animal proteins in plants,"Deeptech / Robotics / AR/VR,BioTech",Deep Tech,,Pear VC,,Pear VC,https://www.alpbio.com/,
Andera,,Pre-Seed,The first AI-native GRC and testing platform,,AI Applications,,Pear VC,,Pear VC,https://pear.vc/andera-series-a/,https://www.linkedin.com/company/pear-vc
Anycart,,Seed,Affordable grocery delivery without price markups,"Consumer,Logistics / Supply Chain,CPG",Consumer,,Pear VC,,Pear VC,https://anycart.com/,https://www.linkedin.com/company/anycart
Apparate Labs,,Seed,Real-time generative video,"Gaming / Media / Entertainment,Dev Tools / Cloud",AI Infrastructure,,Pear VC,,Pear VC,https://apparate.ai/,
Ascerta,,Seed,Enterprise AI management platform helping companies transition to AI-first operations,Deeptech / Robotics / AR/VR,Deep Tech,,Pear VC,,Pear VC,https://ascerta.com/,https://www.linkedin.com/company/ascerta-corp
AspireIQ,,Series A,Influencer marketing platform for ecommerce brands,Consumer,B2B,,Pear VC,,Pear VC,https://aspire.io/,
Atrix AI,,,AI platform for life sciences medical affairs teams,"Health,BioTech",Healthcare,,Pear VC,,Pear VC,https://www.atrix.ai/,
Atticus Labs,,Pre-Seed,Platform connecting people in crisis to legal aid and benefits,"Consumer,RegTech/Gov/Legal",Consumer,,Pear VC,,Pear VC,https://www.atticus.com/,https://www.linkedin.com/company/atticushq
August,,Pre-Seed,AI workspace for law firm document review and drafting,"RegTech/Gov/Legal,Deeptech / Robotics / AR/VR",AI Applications,,Pear VC,,Pear VC,https://www.august.law/,
Aurora,,Pre-Seed,Software platform for solar PV sales and design,"Future of Work,Climate / Sustainability",B2B,,Pear VC,,Pear VC,https://aurorasolar.com/,https://www.linkedin.com/company/aurora-solar
Aviary,,Pre-Seed,Virtual cardiac and pulmonary rehab platform for health systems,Health,Healthcare,,Pear VC,,Pear VC,https://www.aviaryhealth.com/,
Axle Health,,Seed,Scheduling and workforce software for home health providers,"Health,Future of Work",Healthcare,,Pear VC,,Pear VC,https://www.axlehealth.com/,https://www.linkedin.com/company/axle-health
Beyond Trucks,,Pre-Seed,Cloud TMS software for trucking fleets,"Dev Tools / Cloud,Transportation / Mobility",B2B,,Pear VC,,Pear VC,https://www.beyondtrucks.com/,
BioAge Labs,,Seed,Therapeutics for obesity targeting the biology of aging,BioTech,Biotech,,Pear VC,,Pear VC,https://bioagelabs.com/,
Blueberry,,Pre-Seed,The 1:1 agentic marketer for B2C,,AI Applications,,Pear VC,,Pear VC,https://blueberry.ai/,https://www.linkedin.com/company/blue-berry-social
Bobyard,,Pre-Seed,AI takeoff and estimating software for trade contractors,,AI Applications,,Pear VC,,Pear VC,https://pear.vc/bobyard-series-a/,https://www.linkedin.com/company/pear-vc
Boxbot,,Pre-Seed,AI-powered robotic parcel sorting for last-mile logistics,"Deeptech / Robotics / AR/VR,Logistics / Supply Chain",Deep Tech,,Pear VC,,Pear VC,https://www.boxbot.io/,
Branch,,Pre-Seed,Mobile deep linking and attribution platform for marketers,,B2B,,Pear VC,,Pear VC,https://www.branch.io/,https://www.linkedin.com/company/branch-metrics
Brico,,Seed,AI platform for fintech financial licensing and compliance,"FinTech / Insurance,RegTech/Gov/Legal",AI Applications,,Pear VC,,Pear VC,https://www.brico.ai/,https://www.linkedin.com/company/brico-ai
BridgeHealthAI,,Pre-Seed,AI benefits navigation for community health centers,"Health,Consumer",Healthcare,,Pear VC,,Pear VC,https://www.bridgehealthequity.com/,
Budgie Health,,,Claims-data platform for smarter employee benefits decisions,"Health,FinTech / Insurance,Data & Analytics,Future of Work",Healthcare,,Pear VC,,Pear VC,https://www.budgie-health.com/,
Burst,,Pre-Seed,Post-purchase FSA/HSA reimbursement platform for wellness brands,Consumer,Consumer,,Pear VC,,Pear VC,https://heyfloat.com/brands,https://www.linkedin.com/company/getburst
Camber,,Pre-Seed,Agentic AI platform for data science teams,Dev Tools / Cloud,AI Infrastructure,,Pear VC,,Pear VC,https://www.cambercloud.com/,https://www.linkedin.com/company/cambercloud
Cambio AI,,Pre-Seed,AI powered commercial real estate operations,PropTech,AI Applications,,Pear VC,,Pear VC,https://www.cambio.ai/,https://www.linkedin.com/company/cambioai
Capella Space Labs,,Pre-Seed,All-weather earth intelligence from space,Deeptech / Robotics / AR/VR,Deep Tech,,Pear VC,,Pear VC,https://www.capellaspace.com/,https://www.linkedin.com/company/capellaspace
Cardless,,Pre-Seed,The embedded credit card platform,FinTech / Insurance,FinTech,,Pear VC,,Pear VC,https://pear.vc/companies/cardless/,https://www.linkedin.com/company/pear-vc
Clearbrain,,Pre-Seed,Predictive and causal analytics platform,Data & Analytics,B2B,,Pear VC,,Pear VC,https://www.clearbrain.com/,
Cognition,,Seed,Autonomous AI software engineer for coding workflows,"Dev Tools / Cloud,Future of Work,Transportation / Mobility",AI Applications,,Pear VC,,Pear VC,https://cognition.com/,https://www.linkedin.com/company/cognition-ai-labs
"Conduit Tech, Inc.",,Pre-Seed,LiDAR-powered HVAC design and sales platform.,Future of Work,B2B,,Pear VC,,Pear VC,https://www.getconduit.com/,https://www.linkedin.com/company/conduit-tech
ConfigHub,,,Centralized infrastructure configuration management across environments,Dev Tools / Cloud,AI Infrastructure,,Pear VC,,Pear VC,https://www.confighub.com/,
Convey,,Seed,All-in-one platform to train and manage autonomous digital teammates,Transportation / Mobility,AI Applications,,Pear VC,,Pear VC,https://convey.dev/,https://www.linkedin.com/company/conveyai
Counsel Health,,Seed,AI-powered virtual care with physician oversight,Health,Healthcare,,Pear VC,,Pear VC,https://www.counselhealth.com/,https://www.linkedin.com/company/counselhealth
Covalent,,Pre-Seed,AI workforce platform for industrial frontline operations,Future of Work,AI Applications,,Pear VC,,Pear VC,https://www.covalentnetworks.com/,https://www.linkedin.com/company/covalentnetworks
Coverbase,,,AI platform for third-party vendor risk and procurement,Logistics / Supply Chain,AI Applications,,Pear VC,,Pear VC,https://www.coverbase.com/,https://www.linkedin.com/company/coverbase
Crossmint,,Pre-Seed,Stablecoin and wallet infrastructure APIs for enterprises,"FinTech / Insurance,Web3 / Crypto,Dev Tools / Cloud",FinTech,,Pear VC,,Pear VC,https://www.crossmint.io/,
Cymbal,,Pre-Seed,AI-powered marketing platform for live event venues,,AI Applications,,Pear VC,,Pear VC,https://cymbal.co/,https://www.linkedin.com/company/cymbalhq
Darwin Homes,,Seed,Vertically-integrated real estate investment management platform,PropTech,B2B,,Pear VC,,Pear VC,https://www.darwinhomes.com/,
Datum,,Pre-Seed,The AI engineer for industrial companies,,AI Applications,,Pear VC,,Pear VC,https://www.datumdots.com/,
Dealops,,,AI-powered CPQ software for complex B2B pricing,,AI Applications,,Pear VC,,Pear VC,https://dealops.com/,https://www.linkedin.com/company/trydealops
DevAI,,Pre-Seed,AI agents for enterprise IT network management,,AI Applications,,Pear VC,,Pear VC,https://dev-ai.com,https://www.linkedin.com/company/devai
DoorDash,,Seed,"On-demand food, grocery, and retail delivery platform","Consumer,Logistics / Supply Chain,CPG",Consumer,,Pear VC,,Pear VC,https://pear.vc/companies/doordash/,https://www.linkedin.com/company/pear-vc
Doxel,,Pre-Seed,AI-powered construction progress tracking platform,PropTech,AI Applications,,Pear VC,,Pear VC,https://www.doxel.ai/,https://www.linkedin.com/company/doxel-sr-autonomous-inc.-
Edge DB,,Seed,"Stateless, Postgres-based data infrastructure",Dev Tools / Cloud,AI Infrastructure,,Pear VC,,Pear VC,https://www.edgedb.com/,
Elevate,,Seed,"Brain training app for focus, memory, and math",Consumer,Consumer,,Pear VC,,Pear VC,https://elevateapp.com/,https://www.linkedin.com/company/themindcompany
Elo,,Pre-Seed,Ad server for monetizing AI chat apps,,AI Applications,,Pear VC,,Pear VC,https://elo.ad/,https://www.linkedin.com/company/elo-ads
Emburse,,Pre-Seed,Travel and expense intelligence platform,"FinTech / Insurance,Transportation / Mobility",FinTech,,Pear VC,,Pear VC,https://www.emburse.com/,https://www.linkedin.com/company/emburse
EmCasa,,Seed,Online marketplace to buy and sell homes in Brazil,Consumer,Consumer,,Pear VC,,Pear VC,https://www.emcasa.com/,https://www.linkedin.com/company/emcasa
Expedock,,Pre-Seed,AI-powered freight documentation automation for logistics companies,"Dev Tools / Cloud,Logistics / Supply Chain",AI Infrastructure,,Pear VC,,Pear VC,https://www.expedock.com/,
Farmraise,,Pre-Seed,Financial software for farmers to manage grants and programs,FinTech / Insurance,FinTech,,Pear VC,,Pear VC,https://www.farmraise.com/,https://www.linkedin.com/company/farmraise
Federato,,Pre-Seed,AI platform for insurance underwriting and risk management,FinTech / Insurance,FinTech,,Pear VC,,Pear VC,https://pear.vc/companies/federato/,https://www.linkedin.com/company/pear-vc
Fieldbook,,,Database creation platform,Dev Tools / Cloud,B2B,,Pear VC,,Pear VC,https://www.flexport.com/,
Finkargo,,Seed,Import financing platform for Latin American SMEs,FinTech / Insurance,FinTech,,Pear VC,,Pear VC,https://finkargo.com/,https://www.linkedin.com/company/finkargo
FitBod,,Pre-Seed,AI-powered personalized strength training app,Consumer,Consumer,,Pear VC,,Pear VC,https://fitbod.me/,https://www.linkedin.com/company/fitbod
Flax Health,,Pre-Seed,AI platform automating admin workflows for skilled nursing facilities,"Health,Future of Work",Healthcare,,Pear VC,,Pear VC,https://www.flax.ai/,https://www.linkedin.com/company/flax
Flock,,Pre-Seed,Tax-efficient exit for landlords into passive real estate,"FinTech / Insurance,PropTech",FinTech,,Pear VC,,Pear VC,https://flockhomes.com/,https://www.linkedin.com/company/flock-homes
Flyway,,Pre-Seed,AI agents for pharma commercial analytics,"Health,Data & Analytics",Healthcare,,Pear VC,,Pear VC,http://flywayhealth.com,https://www.linkedin.com/company/flyway-health
Foresight Diagnostics,,Seed,Ultra-sensitive cancer diagnostic tests,"BioTech,Health",Biotech,,Pear VC,,Pear VC,https://foresight-dx.com/,
Forus,,Seed,AI that automates prescription workflows for providers and patients,"Health,Future of Work",Healthcare,,Pear VC,,Pear VC,https://pear.vc/companies/forus/,
Freeflow,,,AI agents for P&C insurance claims auditing,FinTech / Insurance,AI Applications,,Pear VC,,Pear VC,https://www.freeflow.ai/,
Freewill,,Pre-Seed,Planned giving and estate planning platform for nonprofits,,B2B,,Pear VC,,Pear VC,https://www.freewill.com/,https://www.linkedin.com/company/freewill
Frontdesk,,,AI phone receptionist that answers calls and books appointments 24/7,,AI Applications,,Pear VC,,Pear VC,https://www.myaifrontdesk.com/,https://www.linkedin.com/company/myaifrontdesk
Galvant,,Pre-Seed,AI workforce for your manufacturing back offices,Future of Work,AI Applications,,Pear VC,,Pear VC,https://galvant.ai/,
Gatsby,,Pre-Seed,Event management platform for relationship-driven teams,,B2B,,Pear VC,,Pear VC,https://gatsby.events/,https://www.linkedin.com/company/gatsby-events
Gaya,,Pre-Seed,AI copilot automating data entry for insurance brokers,FinTech / Insurance,AI Applications,,Pear VC,,Pear VC,https://www.gayafi.com/,https://www.linkedin.com/company/gaya-ai
Gfycat,,Seed,Short video and GIF-hosting platform,"Consumer,Gaming / Media / Entertainment",Consumer,,Pear VC,,Pear VC,https://pear.vc/companies/gfycat/,
Glide,,Pre-Seed,Embedded fintech platform for community banks and credit unions,"FinTech / Insurance,Consumer",FinTech,,Pear VC,,Pear VC,https://www.withglide.com/,
Going Merry,,Seed,Financial aid and scholarship matching platform,FinTech / Insurance,FinTech,,Pear VC,,Pear VC,https://pear.vc/companies/going-merry/,
Gradio,,Pre-Seed,Python-based framework for building ML apps,Dev Tools / Cloud,AI Infrastructure,,Pear VC,,Pear VC,https://gradio.app/,
Gravis Robotics,,Seed,Autonomous earthmoving technology,"Deeptech / Robotics / AR/VR,Transportation / Mobility",Deep Tech,,Pear VC,,Pear VC,https://www.gravisrobotics.com/,https://www.linkedin.com/company/gravisrobotics
Greatly Health,,,Virtual integrative oncology care for cancer patients,"Health,BioTech",Healthcare,,Pear VC,,Pear VC,https://www.greatlyhealth.com/,
Grove AI,,Pre-Seed,AI agents for clinical trial operations,Health,Healthcare,,Pear VC,,Pear VC,https://www.grovetrials.com/,
Gryps,,Pre-Seed,AI platform for construction project data management,"Data & Analytics,PropTech",AI Applications,,Pear VC,,Pear VC,https://www.gryps.io/,https://www.linkedin.com/company/gryps
Guard Owl,,Pre-Seed,All-in-one platform for physical security,Cybersecurity,B2B,,Pear VC,,Pear VC,https://guardowlco.com/,https://www.linkedin.com/company/guardowl
Guardant Health,,Seed,Conquering cancer with data,BioTech,Biotech,,Pear VC,,Pear VC,https://pear.vc/companies/guardant-health/,https://www.linkedin.com/company/pear-vc
Gusto,,Seed,"Payroll, benefits, and HR for small businesses","FinTech / Insurance,Future of Work",B2B,,Pear VC,,Pear VC,https://pear.vc/companies/gusto/,
Heap,,Seed,Digital insights and product analytics platform,Data & Analytics,B2B,,Pear VC,,Pear VC,https://heap.io/,https://www.linkedin.com/company/heap-inc-
Hertha Metals,,Seed,Advanced steel solutions to accelerate the growth of the U.S. steel industry,Deeptech / Robotics / AR/VR,Deep Tech,,Pear VC,,Pear VC,https://herthametals.com/,https://www.linkedin.com/company/hertha-metals-inc
Hexagon,,Pre-Seed,AI assistant that runs your work life,Future of Work,AI Applications,,Pear VC,,Pear VC,https://milo.joinhexagon.com/,
Hexus,,Pre-Seed,"AI-powered product demos, videos and guides",Gaming / Media / Entertainment,AI Applications,,Pear VC,,Pear VC,https://hexus.ai/,https://www.linkedin.com/company/5339188
Hilt,,Pre-Seed,Kernel-level data movement governance for AI environments,,AI Applications,,Pear VC,,Pear VC,https://hilt.ai/,
Honey Homes,,Seed,"Go-to-handyman for all your home projects, managed in a simple app",Consumer,Consumer,,Pear VC,,Pear VC,https://www.honeyhomes.com/,https://www.linkedin.com/company/honey-homes-hq
Iago,,Pre-Seed,Immersive game app for learning Japanese,"Consumer,Gaming / Media / Entertainment",Consumer,,Pear VC,,Pear VC,https://getiago.com/,
Ideogram AI,,,AI image and video generation platform for creative teams,"Gaming / Media / Entertainment,Dev Tools / Cloud",AI Infrastructure,,Pear VC,,Pear VC,https://ideogram.ai,https://www.linkedin.com/company/ideogram-ai
immi,,Pre-Seed,"High-protein, low-carb instant ramen brand","Consumer,BioTech",Consumer,,Pear VC,,Pear VC,https://immieats.com/,
ImpriMed,,Seed,AI-powered drug response prediction for pet cancer,"BioTech,CPG",Biotech,,Pear VC,,Pear VC,https://www.imprimedicine.com/,https://www.linkedin.com/company/imprimed-inc
Incalmo,,Pre-Seed,The security frontier lab for autonomous cyber defense,"Cybersecurity,Dev Tools / Cloud,Transportation / Mobility,Deeptech / Robotics / AR/VR",AI Infrastructure,,Pear VC,,Pear VC,https://www.incalmo.ai/,
Infinimmune,,Seed,Fully human antibody drugs for autoimmune disease,BioTech,Biotech,,Pear VC,,Pear VC,https://www.infinimmune.com/,https://www.linkedin.com/company/infinimmune
Infinite Uptime,,Pre-Seed,Predictive maintenance for industrial plant equipment,,AI Applications,,Pear VC,,Pear VC,https://www.infinite-uptime.com/,https://www.linkedin.com/company/infinite-uptime
Insight Health,,,AI agents for clinic intake and referrals,Health,Healthcare,,Pear VC,,Pear VC,https://www.insighthealth.ai/,https://www.linkedin.com/company/insight-health-ai
Instaread,,,Book summaries in 15-minute audio segments,Consumer,Consumer,,Pear VC,,Pear VC,https://instaread.co/,
Inventa,,Pre-Seed,Wholesale marketplace connecting Latin American brands and retailers,Consumer,B2B,,Pear VC,,Pear VC,https://inventa.shop/,
Jetinsight,,Pre-Seed,Operating software for aircraft charter operators,Transportation / Mobility,B2B,,Pear VC,,Pear VC,https://www.jetinsight.com/,
Joyce Health,,Pre-Seed,Doctor-prescribed food companion,Health,Healthcare,,Pear VC,,Pear VC,https://www.joycehealth.com/,https://www.linkedin.com/company/pomhealth
Just Appraised,,Pre-Seed,AI workflow software for local government tax assessors,"FinTech / Insurance,Future of Work,RegTech/Gov/Legal",AI Applications,,Pear VC,,Pear VC,https://www.justappraised.com/,
Kale,,Pre-Seed,Social commerce platform rewarding everyday customers,Consumer,Consumer,,Pear VC,,Pear VC,https://kalecard.com/,
Keebo,,Seed,Autonomous cost and performance optimization for data warehouses,"Dev Tools / Cloud,Data & Analytics,Transportation / Mobility,Logistics / Supply Chain",AI Infrastructure,,Pear VC,,Pear VC,https://keebo.ai/,
Kin Health,,Pre-Seed,AI-powered mobile app that never forgets what your doctor said,"Health,Consumer",Healthcare,,Pear VC,,Pear VC,https://www.meetkin.com/,https://www.linkedin.com/company/meetkin
Kindroid AI,,Pre-Seed,Personal AI companion,Consumer,Consumer,,Pear VC,,Pear VC,https://kindroid.ai/,
Knoetic,,Pre-Seed,People analytics platform and community for Chief People Officers,"Data & Analytics,Consumer",AI Applications,,Pear VC,,Pear VC,https://www.knoetic.com/,
Known,,Pre-Seed,AI-powered swipeless dating app using voice interviews,Consumer,Consumer,,Pear VC,,Pear VC,https://www.knowndating.com/,https://www.linkedin.com/company/joinknown
Lantern,,Pre-Seed,AI demand forecasting for wholesale distributors,,AI Applications,,Pear VC,,Pear VC,https://www.lanternhq.com/,https://www.linkedin.com/company/lanternhq
Learn to Win,,Pre-Seed,Mobile-first microlearning platform for teams and enterprises,"Future of Work,Consumer",AI Applications,,Pear VC,,Pear VC,https://www.learntowin.com/,
Listen Labs,,Seed,AI platform for customer understanding at scale,,AI Applications,,Pear VC,,Pear VC,https://pear.vc/listen-labs-is-joining-salesforce/,https://www.linkedin.com/company/pear-vc
Locate AI,,Seed,AI-powered retail site selection for multi-unit brands,,AI Applications,,Pear VC,,Pear VC,https://www.locate.ai/,
Lynk,,Pre-Seed,Community-powered search for unbiased shopping decisions,Consumer,AI Applications,,Pear VC,,Pear VC,https://lynksearch.com,
Maker,,Pre-Seed,"Canned wine from small, diverse producers",Consumer,Consumer,,Pear VC,,Pear VC,https://www.makerwine.com/,
Manta Cares,,,Support platform for cancer patients and caregivers,"Health,BioTech",Healthcare,,Pear VC,,Pear VC,https://mantacares.com/,
Matter Intelligence,,Pre-Seed,Hyperspectral sensors revealing Earth’s molecular composition from orbit,"Deeptech / Robotics / AR/VR,BioTech",Deep Tech,,Pear VC,,Pear VC,https://matter.com,
Maximum,,,Powerful infrastructure to transform the banking system,"FinTech / Insurance,Dev Tools / Cloud",FinTech,,Pear VC,,Pear VC,https://maximum.com/,https://www.linkedin.com/company/maximum
Melonn,,Pre-Seed,E-commerce fulfillment and software platform for Latin American SMBs,"Dev Tools / Cloud,Logistics / Supply Chain,Consumer",B2B,,Pear VC,,Pear VC,https://www.melonn.com/,https://www.linkedin.com/company/melonn
Menta,,Pre-Seed,White-label payment infrastructure for B2B companies in Latin America,"FinTech / Insurance,Dev Tools / Cloud",FinTech,,Pear VC,,Pear VC,https://menta.global/en,
Meridian,,Pre-Seed,Frontier intelligence for overlooked industries,,AI Applications,,Pear VC,,Pear VC,https://usemeridian.io/,
Millibatt,,Pre-Seed,High-power miniature batteries for wearables and IoT devices,Deeptech / Robotics / AR/VR,Deep Tech,,Pear VC,,Pear VC,https://www.millibatt.com/,
Miter,,Seed,HR and payroll platform for construction contractors,"FinTech / Insurance,Future of Work,PropTech",B2B,,Pear VC,,Pear VC,https://www.miter.com/,https://www.linkedin.com/company/miterhr
Neura Health,,Pre-Seed,Virtual clinic for neurological conditions like migraine and epilepsy,Health,Healthcare,,Pear VC,,Pear VC,https://www.neurahealth.co/,https://www.linkedin.com/company/neurahealth
NeuroNav,,,Disability services navigation for adults with developmental disabilities,Health,Healthcare,,Pear VC,,Pear VC,https://www.neuronav.org/,https://www.linkedin.com/company/neuronavlife
Nightfall,,Pre-Seed,AI-native data loss prevention for SaaS and endpoints,Cybersecurity,AI Applications,,Pear VC,,Pear VC,https://nightfall.ai/,https://www.linkedin.com/company/nightfall-ai
NomadicML,,Pre-Seed,Video data platform for robotics and autonomous vehicle teams,"Gaming / Media / Entertainment,Dev Tools / Cloud,Data & Analytics,Transportation / Mobility",AI Infrastructure,,Pear VC,,Pear VC,https://www.nomadicml.com/,
Nova Credit,,Pre-Seed,Alternative credit data infrastructure for lenders and businesses,"FinTech / Insurance,Dev Tools / Cloud",FinTech,,Pear VC,,Pear VC,https://novacredit.com/,https://www.linkedin.com/company/nova-credit-inc.
Nuvo,,,B2B trade credit and customer onboarding platform,"FinTech / Insurance,Future of Work",FinTech,,Pear VC,,Pear VC,https://nuvo.com/,https://www.linkedin.com/company/nuvo
Onramp,,Pre-Seed,AI-powered platform for B2B customer onboarding,Future of Work,AI Applications,,Pear VC,,Pear VC,https://www.onramp.us/,https://www.linkedin.com/company/team-onramp
Oodle AI,,,"AI-native observability platform for logs, metrics, and traces",Dev Tools / Cloud,AI Infrastructure,,Pear VC,,Pear VC,https://oodle.ai/,https://www.linkedin.com/company/oodle-ai
Openfort,,Pre-Seed,Wallet infrastructure APIs for authentication and payments,"FinTech / Insurance,Cybersecurity,Dev Tools / Cloud",FinTech,,Pear VC,,Pear VC,https://openfort.xyz,https://www.linkedin.com/company/openfort
Orby AI,,Seed,AI agent platform for automating complex enterprise workflows,"Dev Tools / Cloud,Future of Work",AI Infrastructure,,Pear VC,,Pear VC,https://www.uniphore.com/orby-ai/,https://www.linkedin.com/company/uniphore
Osmind,,Pre-Seed,EHR and billing platform for interventional psychiatry practices,"Health,FinTech / Insurance",Healthcare,,Pear VC,,Pear VC,https://www.osmind.org/,https://www.linkedin.com/company/65320902
Osmos,,Seed,Agentic AI data engineering platform,Dev Tools / Cloud,AI Infrastructure,,Pear VC,,Pear VC,https://www.osmos.io/,
Pando,,Pre-Seed,Income pooling and liquidity products for high-potential founders,FinTech / Insurance,FinTech,,Pear VC,,Pear VC,https://www.pandopooling.com/,https://www.linkedin.com/company/18353392
Parallax Worlds,,,Simulation platform for testing robots before factory deployment,"Deeptech / Robotics / AR/VR,Dev Tools / Cloud",Deep Tech,,Pear VC,,Pear VC,https://www.parallaxworlds.com/,
Paxos Health,,Pre-Seed,AI-generated appeals platform for insurance denials and coverage,"Health,FinTech / Insurance",Healthcare,,Pear VC,,Pear VC,https://www.paxosappeals.com/,
Pearl Street,,Seed,Interconnection backlog software,,B2B,,Pear VC,,Pear VC,https://pearlstreettechnologies.com/,https://www.linkedin.com/company/pearlstreettechnologies
PemPem,,Pre-Seed,Digital marketplace connecting commodity buyers and smallholder farmers,Consumer,B2B,,Pear VC,,Pear VC,https://www.pempem.io/,https://www.linkedin.com/company/pempem
Phaselaw,,,AI-powered eDiscovery platform for legal document redaction,RegTech/Gov/Legal,AI Applications,,Pear VC,,Pear VC,https://www.phase.law/,https://www.linkedin.com/company/phaselaw
Pillsorted,,,Online pharmacy delivering NHS and private prescriptions to your door,"Consumer,Health",Consumer,,Pear VC,,Pear VC,https://www.pillsorted.com/,
Piston,,Pre-Seed,Cardless fuel payments platform for commercial fleets,"FinTech / Insurance,Transportation / Mobility",FinTech,,Pear VC,,Pear VC,https://www.piston.com/,
Pixel Labs,,Seed,Media tech powering hyperlocal content discvoery,"Consumer,Gaming / Media / Entertainment",Consumer,,Pear VC,,Pear VC,https://nextdoor.com/,
Pocus,,Pre-Seed,AI-powered revenue intelligence platform,,AI Applications,,Pear VC,,Pear VC,https://www.pocus.com/,https://www.linkedin.com/company/pocus
Polarr,,Seed,Photo and video AI editor,Gaming / Media / Entertainment,AI Applications,,Pear VC,,Pear VC,https://www.polarr.com/,
Polimorphic,,Pre-Seed,AI platform for local government service delivery,"Logistics / Supply Chain,RegTech/Gov/Legal",AI Applications,,Pear VC,,Pear VC,https://www.polimorphic.com/,
pomelo,,Series A,Card issuing and payments infrastructure for Latin America,"FinTech / Insurance,Dev Tools / Cloud",FinTech,,Pear VC,,Pear VC,https://pomelo.la/en/,https://www.linkedin.com/company/pomelo-latam
Portal Biotechnologies,,Pre-Seed,Mechanoporation platform for intracellular delivery and cell engineering,"BioTech,Logistics / Supply Chain",Biotech,,Pear VC,,Pear VC,https://portal.bio/,https://www.linkedin.com/company/portal-biotechnologies
Pravah,,Pre-Seed,The first foundation model for the electric grid,Dev Tools / Cloud,B2B,,Pear VC,,Pear VC,https://www.pravah.com/,
Prohost AI,,Pre-Seed,AI property manager for short-term rental hosts,PropTech,AI Applications,,Pear VC,,Pear VC,https://www.prohost.ai/,https://www.linkedin.com/company/prohostai
Quadric.io,,Seed,Semiconductor IP for on-device AI inference,"Deeptech / Robotics / AR/VR,Dev Tools / Cloud",Deep Tech,,Pear VC,,Pear VC,https://www.quadric.io/,https://www.linkedin.com/company/quadric-io
Quansa,,Pre-Seed,Employee financial wellness platform with earned wage access,"FinTech / Insurance,Future of Work",FinTech,,Pear VC,,Pear VC,https://www.quansa.io/,https://www.linkedin.com/company/quansa
Radar Therapeutics,,Pre-Seed,RNA-sensing mRNA therapeutics that target specific cell types,BioTech,Biotech,,Pear VC,,Pear VC,https://rnasensing.bio/,
Range Biotechnologies,,Pre-Seed,End-to-end platform for translational proteomics,BioTech,Biotech,,Pear VC,,Pear VC,http://range.bio,https://www.linkedin.com/company/rangebio
Real Sports,,,Social app for live sports data and fan discussion,Consumer,Consumer,,Pear VC,,Pear VC,https://www.realapp.link/,
Reduct.video,,,Transcript-based platform for searching and editing video,Gaming / Media / Entertainment,AI Applications,,Pear VC,,Pear VC,https://reduct.video/,
Rely Health,,,Hybrid human-AI care navigation for health systems,Health,Healthcare,,Pear VC,,Pear VC,https://www.relyhealth.care/,
Remuner,,,AI platform automating sales commissions and incentive management,Future of Work,AI Applications,,Pear VC,,Pear VC,https://www.remuner.com/,https://www.linkedin.com/company/remuner
rePurpose,,,Packaging sustainability and EPR compliance platform for brands,"Climate / Sustainability,RegTech/Gov/Legal",AI Applications,,Pear VC,,Pear VC,https://repurpose.global/,
ResiQuant,,,AI underwriting platform for catastrophe-exposed property insurers,"FinTech / Insurance,PropTech",AI Applications,,Pear VC,,Pear VC,https://www.resiquant.ai/,
Rollout,,,Embedded integrations platform for SaaS products,,AI Applications,,Pear VC,,Pear VC,https://www.rollouthq.com/,
SalesPatriot,,Pre-Seed,AI operating system for defense and aerospace procurement,"Logistics / Supply Chain,Deeptech / Robotics / AR/VR",AI Applications,,Pear VC,,Pear VC,https://salespatriot.com/,
Savvi AI,,Pre-Seed,AI platform for banks and fintechs to build and own AI apps,FinTech / Insurance,AI Applications,,Pear VC,,Pear VC,https://www.savviai.com/,https://www.linkedin.com/company/savviai
SellScale,,Pre-Seed,AI agent that automates outbound sales pipeline building,Future of Work,AI Applications,,Pear VC,,Pear VC,https://www.sellscale.com/,
Senti Bio,,Seed,Gene circuit-powered cell therapies for incurable cancers,BioTech,Biotech,,Pear VC,,Pear VC,https://www.sentibio.com/,https://www.linkedin.com/company/senti-biosciences
Sequel,,Pre-Seed,Redesigned tampon engineered for comfort and reliability,Consumer,Consumer,,Pear VC,,Pear VC,https://www.trysequel.com/,
Series,,Pre-Seed,AI-powered social network connecting users via iMessage,Consumer,Consumer,,Pear VC,,Pear VC,https://www.series.so/,
Seven Starling,,Pre-Seed,Virtual mental health care for mothers and women,Health,Healthcare,,Pear VC,,Pear VC,https://www.sevenstarling.com/,https://www.linkedin.com/company/sevenstarling
Smarty.AI,,Pre-Seed,"AI assistant for scheduling, tasks, and workflow automation",Future of Work,AI Applications,,Pear VC,,Pear VC,https://www.smarty.ai/,
Sniffspot,,Pre-Seed,Marketplace to rent private land as dog parks,"Consumer,PropTech",Consumer,,Pear VC,,Pear VC,https://www.sniffspot.com/,https://www.linkedin.com/company/sniffspot
SnoutID,,Pre-Seed,Payment and financing platform for veterinary practices,FinTech / Insurance,FinTech,,Pear VC,,Pear VC,https://www.snoutid.com/,
Socratix AI,,,AI agents for fraud and risk team investigations,Cybersecurity,AI Applications,,Pear VC,,Pear VC,https://getsocratix.ai/,https://www.linkedin.com/company/socratix-ai
Solvvy,,Seed,AI-powered conversational automation platform,,AI Applications,,Pear VC,,Pear VC,https://solvvy.com/,
Spur,,,Agentic QA platform for e-commerce sites,Consumer,AI Applications,,Pear VC,,Pear VC,https://www.spurtest.com/,https://www.linkedin.com/company/spur-test
Stan,,Pre-Seed,All-in-one e-commerce platform for content creators,"Gaming / Media / Entertainment,Consumer",AI Applications,,Pear VC,,Pear VC,https://www.stan.store/,
Stellation,,Pre-Seed,AI-powered provider analytics and insights,Data & Analytics,AI Applications,,Pear VC,,Pear VC,https://www.stellationcare.com/,
Sudozi,,Seed,AI-powered procurement and vendor management platform,Logistics / Supply Chain,AI Applications,,Pear VC,,Pear VC,https://www.sudozi.com/,https://www.linkedin.com/company/sudozi
SweatPals,,,Community-driven fitness platform building connections through movement,Consumer,Consumer,,Pear VC,,Pear VC,https://sweatpals.com/,https://www.linkedin.com/company/sweatpals
Switchmate,,Pre-Seed,The snap-on smart light switch,Consumer,Consumer,,Pear VC,,Pear VC,https://www.mysimplysmarthome.com/,
TeachFX,,Pre-Seed,AI-powered instructional feedback for teachers,,AI Applications,,Pear VC,,Pear VC,https://teachfx.com/,https://www.linkedin.com/company/teachfx
TeachShare,,Pre-Seed,AI platform for differentiated curriculum development,PropTech,AI Applications,,Pear VC,,Pear VC,https://teachshare.com,
Topsort,,Pre-Seed,AI monetization infrastructure for retailers and marketplaces,"Dev Tools / Cloud,Consumer",AI Applications,,Pear VC,,Pear VC,https://www.topsort.com/,https://www.linkedin.com/company/topsort
TownHound,,Pre-Seed,"Real-time, utilization based mobile offers for local restaurants",Consumer,Consumer,,Pear VC,,Pear VC,https://ads.google.com/,
Transcera,,Pre-Seed,Ceramide-based oral delivery platform for biologic drugs,"BioTech,Logistics / Supply Chain",Biotech,,Pear VC,,Pear VC,https://www.transcera.bio/,
Trimz,,Pre-Seed,"AI platform for creating, sharing, and watching animated short videos","Consumer,Gaming / Media / Entertainment",Consumer,,Pear VC,,Pear VC,https://trimz.ai/,
True & Co,,Seed,Online bra fitting service and shop,Consumer,Consumer,,Pear VC,,Pear VC,https://trueandco.com/,
TrueMeter,,Pre-Seed,AI utility management for multi-location businesses,,AI Applications,,Pear VC,,Pear VC,https://www.truemeter.com/,https://www.linkedin.com/company/truemeterai
TruTec,,Pre-Seed,AI takeoffs for paving contractors from aerial imagery,,AI Applications,,Pear VC,,Pear VC,https://trutec.ai/,
TruthSystems,,Pre-Seed,Real-time AI governance agent for regulated industries,"Dev Tools / Cloud,RegTech/Gov/Legal",AI Infrastructure,,Pear VC,,Pear VC,https://www.truthsystems.ai/,
Tyba,,,AI platform for optimizing battery energy storage assets,"Dev Tools / Cloud,Climate / Sustainability",B2B,,Pear VC,,Pear VC,https://www.tyba.ai/,https://www.linkedin.com/company/tybaenergy
Typedef,,,Data infrastructure for production-ready AI workloads,Dev Tools / Cloud,AI Infrastructure,,Pear VC,,Pear VC,https://typedef.ai/,https://www.linkedin.com/company/typedefai
UpDoc AI,,Pre-Seed,FDA-cleared agentic AI platform for clinical care delivery,"Health,Logistics / Supply Chain",Healthcare,,Pear VC,,Pear VC,https://updoc.ai/,
Valar Labs,,Pre-Seed,AI diagnostics for cancer treatment decisions,"Health,BioTech",Healthcare,,Pear VC,,Pear VC,https://www.valarlabs.com/,https://www.linkedin.com/company/valarlabs
Vals AI,,Pre-Seed,Independent benchmarks and evaluation infrastructure for artificial intelligence,Dev Tools / Cloud,AI Infrastructure,,Pear VC,,Pear VC,https://www.vals.ai/,https://www.linkedin.com/company/vals-ai
Vanta,,Seed,Automated security compliance and trust management platform,"Cybersecurity,RegTech/Gov/Legal",AI Applications,,Pear VC,,Pear VC,https://www.vanta.com/,
Velocity Bio,,,The next generation biophysical assay platform,BioTech,Biotech,,Pear VC,,Pear VC,https://www.velocitybio.tech/,https://www.linkedin.com/company/velocity-bio
ViaGlobal Ventures,,Pre-Seed,International and global expansion platform,,B2B,,Pear VC,,Pear VC,https://via.work/,
Viewpoints AI,,Pre-Seed,Synthetic audiences that simulate consumer reactions instantly,Consumer,AI Applications,,Pear VC,,Pear VC,https://viewpoints.ai/,https://www.linkedin.com/company/viewpoints-ai
Viz.ai,,Pre-Seed,AI-powered care coordination platform,Health,Healthcare,,Pear VC,,Pear VC,https://www.viz.ai/,https://www.linkedin.com/company/viz.ai
Voyage,,Series A,State-of-the-art embedding and reranking models,Dev Tools / Cloud,AI Infrastructure,,Pear VC,,Pear VC,https://www.voyageai.com/,https://www.linkedin.com/company/voyageai
Wedding Party,,Pre-Seed,The mobile app for your wedding day,Consumer,Consumer,,Pear VC,,Pear VC,https://www.instacart.com/,
Wexler,,Seed,"AI-powered fact extraction, verification, and analysis for dispute teams",,AI Applications,,Pear VC,,Pear VC,https://www.wexler.ai/,https://www.linkedin.com/company/wexler-ai
WindBorne,,Pre-Seed,Accurate weather forecasts from long-duration balloons and state-of-the-art AI models,Deeptech / Robotics / AR/VR,Deep Tech,,Pear VC,,Pear VC,https://windbornesystems.com/,https://www.linkedin.com/company/windborne
Wood Wide AI,,Series A,Numeric reasoning API for generative AI platforms,Dev Tools / Cloud,AI Infrastructure,,Pear VC,,Pear VC,https://www.woodwide.ai/,https://www.linkedin.com/company/wood-wide-ai
Wrangle,,Pre-Seed,AI sourcing & outbound recruiting platform,Future of Work,AI Applications,,Pear VC,,Pear VC,https://www.wrangle.ai/,https://www.linkedin.com/company/usewrangle
xSeer,,Pre-Seed,Big data analytics and visualization platform,"Dev Tools / Cloud,Data & Analytics",AI Infrastructure,,Pear VC,,Pear VC,https://www.paloaltonetworks.com/,
Zag Bio,,,Pioneering thymus-targeted medicines,BioTech,Biotech,,Pear VC,,Pear VC,https://zagbio.com/,
Zippin,,Pre-Seed,"AI checkout-free tech for stadiums, colleges, hospitals, and more","Deeptech / Robotics / AR/VR,Health",Deep Tech,,Pear VC,,Pear VC,https://www.getzippin.com/,https://www.linkedin.com/company/zippin
Zubale,,Pre-Seed,E-commerce tools for Latin American retailers,Consumer,Consumer,,Pear VC,,Pear VC,https://www.zubale.com/,https://www.linkedin.com/company/zubale
Counsel,,Seed,"AI-powered platform enabling clinicians to deliver high-quality, scalable asynchronous care efficiently to more patients.",Health,B2B; SaaS,,Pear VC,,Pear VC,,
