Name,Amount Raised,Round,Description,Everywhere Sectors,Verticles,Team,Investors,Date of Announcement,Source
Cursor,,,,,,Oskar Schulz,Z Fellows,Z Fellows,Z Fellows
Cognition,,,,,,Walden Yan,Z Fellows,Z Fellows,Z Fellows
Etched,,,,,,"Gavin, Chris, Robert",Z Fellows,Z Fellows,Z Fellows
Mach,,,,,,Ethan Thornton,Z Fellows,Z Fellows,Z Fellows
Whop,,,,,,"Steven, Cam, Jack",Z Fellows,Z Fellows,Z Fellows
Aaru,,,,,,"Cam, Ned, John",Z Fellows,Z Fellows,Z Fellows
Avoca,,,,,,"Apurva, Tyson",Z Fellows,Z Fellows,Z Fellows
Poke,,,,,,"Marvin, Felix",Z Fellows,Z Fellows,Z Fellows
Mintlify,,,,,,"Hahnbee, Han",Z Fellows,Z Fellows,Z Fellows
Greptile,,,,,,"Daksh, Soohoon, Vaishant",Z Fellows,Z Fellows,Z Fellows
Swsh,,,,,,"Alexandra, Weilyn, Nathan",Z Fellows,Z Fellows,Z Fellows
Posh,,,,,,"Avante, Eli",Z Fellows,Z Fellows,Z Fellows
Listen Labs,,,,,,"Alfred, Florian",Z Fellows,Z Fellows,Z Fellows
Bland,,,,,,"Sobhan, Isaiah",Z Fellows,Z Fellows,Z Fellows
Cal AI,,,,,,Zach Yadegari,Z Fellows,Z Fellows,Z Fellows
Pure Poker,,,,,,"Jacob, Harold",Z Fellows,Z Fellows,Z Fellows
Nucleus,,,,,,Kian Sadeghi,Z Fellows,Z Fellows,Z Fellows
General Cybernetics,,,,,,Aydin Gokce,Z Fellows,Z Fellows,Z Fellows
Orbit Engineering,,,,,,Steven Pang,Z Fellows,Z Fellows,Z Fellows
