Name,Title or Role,Accelerator,Email,Contact Page URL,Source URL,Notes,LinkedIn
Garry Tan,President & CEO,Y Combinator,garry@ycombinator.com,https://www.ycombinator.com/contact,https://www.ycombinator.com/people,Apollo people_match 2026-10-06,https://www.linkedin.com/in/garrytan
Jared Friedman,Managing Partner,Y Combinator,,https://www.ycombinator.com/contact,https://www.ycombinator.com/people,,
Diana Hu,Managing Partner,Y Combinator,,https://www.ycombinator.com/contact,https://www.ycombinator.com/people,,
Harj Taggar,Managing Partner,Y Combinator,,https://www.ycombinator.com/contact,https://www.ycombinator.com/people,,
Jon Levy,"Managing Director, Partnerships",Y Combinator,jlevy@ycombinator.com,https://www.ycombinator.com/contact,https://www.ycombinator.com/people,Junior LI filled Airtable Team Linkedin 2026-10-06; Apollo people_match 2026-10-06 (work email),https://www.linkedin.com/in/jon-levy-b98986b3
YC Applications (general),Application questions inbox,Y Combinator,apply@ycombinator.com,https://www.ycombinator.com/apply,https://www.ycombinator.com/apply,Published on the YC apply page ('reach out via email').,
David Cohen,Founder & CEO,Techstars,david.cohen@techstars.com,https://www.techstars.com/contact,https://www.techstars.com/newsroom/one-year-back-as-ceo,Returned as CEO mid-2024 (official newsroom post).; Apollo people_match 2026-10-06,https://www.linkedin.com/in/davidgcohen
Sabrina Kelly,President,Techstars,,https://www.techstars.com/contact,https://www.techstars.com/newsroom/why-techstars-global-fall-kick-off-belongs-in-boston,Quoted as President in official newsroom post (Fall 2026 class kick-off).,
Amalia Lytle,Media Contact,Techstars,amalia.lytle@techstars.com,https://www.techstars.com/contact,https://www.techstars.com/newsroom/techstars-promotes-jonathan-geehan-to-chief-financial-officer,Listed as 'Media Contact for Techstars' on newsroom release.,
Techstars Applications (general),Apply portal / contact page,Techstars,,https://apply.techstars.com/,https://www.techstars.com/contact,Program-specific Managing Directors are listed on each accelerator page; contact page routes founders/partners/investors.,
Sean O'Sullivan,Managing General Partner,SOSV,sean.osullivan@sosv.com,https://sosv.com/apply,https://sosv.com/team/,LinkedIn from sosv.com/team/; email Apollo 2026-10-06,https://www.linkedin.com/in/sean-sosv
Pae Wu,General Partner,SOSV,,https://sosv.com/apply,https://sosv.com/team/,,
Kira Colburn,Director of Comms,SOSV,kira.colburn@sosv.com,https://sosv.com/about/,https://sosv.com/team/,Junior LI filled Airtable Team Linkedin 2026-10-06; Apollo people_match 2026-10-06 (work email),https://www.linkedin.com/in/kiracolburn1993
SOSV Press (general),Press inquiries,SOSV,press@sosv.com,https://sosv.com/about/,https://sosv.com/about/,Published under 'Press Inquiries' on SOSV About page. Apply: https://sosv.com/apply,
Duncan Turner,"General Partner, SOSV & Managing Director, HAX",HAX (SOSV),,https://hax.co/contact/,https://hax.co/our-team/,LinkedIn from sosv.com/team/; Apollo match email unavailable 2026-10-06,https://www.linkedin.com/in/duncan-turner-b08630/
Cyril Ebersweiler,"General Partner, SOSV & Managing Director, HAX",HAX (SOSV),cyril@hax.co,https://hax.co/contact/,https://hax.co/our-team/,Apollo people_match 2026-10-06 (primary HAX POC; Duncan Turner email unavailable),https://www.linkedin.com/in/cyrilebersweiler
Susan Schofer,"Partner & Chief Science Officer, HAX",HAX (SOSV),,https://hax.co/contact/,https://hax.co/our-team/,,
Ji Ke,"Partner & CTO, HAX",HAX (SOSV),,https://hax.co/contact/,https://hax.co/our-team/,,
HAX Applications,Apply page,HAX (SOSV),,https://sosv.com/apply/hax/,https://hax.co/,Partnerships page: https://hax.co/partnerships/,
Po Bronson,"General Partner & Managing Director, SOSV SF",IndieBio / SOSV NY & SOSV SF,po.bronson@indie.bio,https://sosv.com/apply/sosv/,https://sosv.com/team/,IndieBio SF renamed SOSV SF in 2026.; LinkedIn from sosv.com/team/; email Apollo 2026-10-06,https://www.linkedin.com/in/po-bronson
Stephen Chambers,"General Partner & Managing Director, SOSV NY",IndieBio / SOSV NY & SOSV SF,,https://sosv.com/apply/sosv/,https://sosv.com/team/,IndieBio NY renamed SOSV NY in 2026.,
SOSV NY / SF Applications,Apply page,IndieBio / SOSV NY & SOSV SF,,https://sosv.com/apply/sosv/,https://indiebio.co/,indiebio.co links apply to sosv.com/apply/sosv/.,
Dave Fontenot,GP & CEO,HF0,dave@hf0.com,https://www.hf0.com/apply,https://www.hf0.com/team,Apollo people_match 2026-10-06,https://www.linkedin.com/in/davefont
Emily Liu,GP & COO,HF0,,https://www.hf0.com/apply,https://www.hf0.com/team,,
Rachel Silverman,Director of Program,HF0,rachel@hf0.com,https://www.hf0.com/apply,https://www.hf0.com/team,Junior LI filled Airtable Team Linkedin 2026-10-06; LinkedIn title Director @HF0; Apollo people_match 2026-10-06 (work email),https://www.linkedin.com/in/rachel-silverman-ba482356
Ryan Adell,Director of Admissions,HF0,,https://www.hf0.com/apply,https://www.hf0.com/team,Also listed as 'Librarian' in another section of the team page.,
Ruchi Sanghvi,Founder (Founding Member); Investor,South Park Commons,ruchi@southparkcommons.com,https://www.southparkcommons.com/apply,https://www.southparkcommons.com/our-story,"Team page lists 'Ruchi, Investor'; Our Story page names her as founder.; Apollo people_match 2026-10-06",https://www.linkedin.com/in/rsanghvi
Aditya Agarwal,Investor; Founder Fellowship team,South Park Commons,,https://www.southparkcommons.com/apply,https://blog.southparkcommons.com/p/announcing-the-spc-founder-fellowship,"Named on SPC's Founder Fellowship announcement; team page lists 'Aditya, Investor'.",
Finn Meeks,Investor; Founder Fellowship team,South Park Commons,finn@southparkcommons.com,https://www.southparkcommons.com/apply,https://blog.southparkcommons.com/p/announcing-the-spc-founder-fellowship,"Named on Founder Fellowship announcement; team page lists 'Finn, Investor'.; Junior LI filled Airtable Team Linkedin 2026-10-06; Apollo people_match 2026-10-06 (work email)",https://www.linkedin.com/in/finn-meeks
Cory Levy,Founder,Z Fellows,cory@corylevy.com,https://www.zfellows.com/,https://corylevy.com/,Email published on his official personal site (corylevy.com).; Email + LinkedIn from corylevy.com,https://www.linkedin.com/in/clevy/
Z Fellows Team (general),General inbox,Z Fellows,team@zfellows.com,https://www.zfellows.com/,https://www.zfellows.com/,Published (Cloudflare-obfuscated) on zfellows.com.,
Thiel Fellowship Team (general),General inbox,Thiel Fellowship,team@thielfellowship.org,https://thielfellowship.my.site.com/apply/s/,https://thielfellowship.org/,No named staff on official site; contact listed on homepage and FAQ.,
Pejman Nozad,Founding Managing Partner,Pear VC (PearX + Pear Fellows),pejman@pear.vc,https://pear.vc/pearx/,https://pear.vc/team/,LinkedIn from pear.vc/team/; email Apollo 2026-10-06,https://www.linkedin.com/in/pejman
Mar Hershenson,Founding Managing Partner,Pear VC (PearX + Pear Fellows),,https://pear.vc/pearx/,https://pear.vc/team/,Team page shows 'Founder Managing Partner'; Dorm page 'Pear Founding Managing Partner'.,
Khalil Fuller,Partner & Head of Dorm,Pear VC (PearX + Pear Fellows),,https://pear.vc/fellows/,https://pear.vc/team/,Pear Dorm houses the student programs incl. Pear Fellows.,
Pear (general / press),Press & media inbox,Pear VC (PearX + Pear Fellows),info@pear.vc,https://pear.vc/contact/,https://pear.vc/contact/,PearX applications accepted year-round at https://pear.vc/pearx/,
Rob Desborough,General Partner and Chair of Seraphim Space Accelerator,Seraphim Space Accelerator (Seraphim Space Camp),rob@seraphim.vc,https://seraphim.vc/contact/,https://seraphim.vc/about/team/,Apollo people_match 2026-10-06,https://www.linkedin.com/in/robdesborough
James Bruegger,CIO & General Partner (co-founder of Seraphim Space Accelerator),Seraphim Space Accelerator (Seraphim Space Camp),,https://seraphim.vc/contact/,https://seraphim.vc/about/team/,,
Mark Boggett,CEO & General Partner,Seraphim Space Accelerator (Seraphim Space Camp),,https://seraphim.vc/contact/,https://seraphim.vc/about/team/,,
Alexander Holt,Managing Director of Seraphim Space Enterprise (acceleration division),Seraphim Space Accelerator (Seraphim Space Camp),,https://seraphim.vc/contact/,https://seraphim.vc/about/team/,,
Allison Boothe,Program Manager for The Catalyst Accelerator,Catalyst Accelerator,allison.boothe@catalystcampus.org,https://catalystaccelerator.space/contact/,https://www.globenewswire.com/news-release/2026/09/08/3358075/0/en/catalyst-accelerator-offers-new-program-investment-readiness-boot-camp.html,"Official Catalyst Accelerator press release, Sept 8 2026.; Junior LI+email filled Airtable 2026-10-06; email published in Catalyst LinkedIn sponsorship post; Apollo people_match 2026-10-06 (work email)",https://www.linkedin.com/in/allison-boothe-a6b865243
Shae Thomas,Media contact (Catalyst Campus),Catalyst Accelerator,Shae.Thomas@CatalystCampus.Org,https://catalystaccelerator.space/contact/,https://www.globenewswire.com/news-release/2026/09/08/3358075/0/en/catalyst-accelerator-offers-new-program-investment-readiness-boot-camp.html,Listed under Contact Data on the official press release.; Email from GlobeNewswire press; LinkedIn from catalystcampus.org/our-team/,https://www.linkedin.com/in/shae-thomas-72669561/
Catalyst Campus Operations (general),Operations inbox,Catalyst Accelerator,operations@catalystcampus.org,https://catalystaccelerator.space/contact/,https://catalystcampus.org/event/catalyst-accelerator-investment-readiness-bootcamp/,Published on Catalyst Campus event page.,
John Borthwick,Managing Partner (founder & CEO),Betaworks (Camp),,https://www.betaworks.com/contact,https://www.betaworks.com/team,,
Jordan Crook,Partner,Betaworks (Camp),,https://www.betaworks.com/contact,https://www.betaworks.com/team,,
Analisa Svehaug,Director (runs the Camp program),Betaworks (Camp),analisa@betaworks.com,https://www.betaworks.com/contact,https://www.betaworks.com/team,LinkedIn from betaworks.com/team; email Apollo 2026-10-06,https://www.linkedin.com/in/asvehaug
Betaworks (general),General inbox,Betaworks (Camp),info@betaworks.com,https://www.betaworks.com/contact,https://www.betaworks.com/contact,Camp applications via Apply link on betaworks.com.,
Jason Calacanis,CEO and Founder,LAUNCH Accelerator,,https://launch.co/,https://launch.co/,No other staff named on official site; apply via 'Apply for Funding' on launch.co (Founder University / LAUNCH Accelerator).,
LAUNCH Accelerator applications,"Apply page (Cohort 37, Sept 2026)",LAUNCH Accelerator,,https://launchaccelerator.co/,https://launchaccelerator.co/,Program site; no staff names or email published.,
Kyle Libra,"CEO, Gravity Labs",Gravity Labs,,https://gravity-labs.xyz/collaborate.html,https://gravity-labs.xyz/people.html,,
Amy Yin,"General Partner, defy.vc · Board Member",Gravity Labs,,https://gravity-labs.xyz/collaborate.html,https://gravity-labs.xyz/people.html,,
Neil Sequeira,"General Partner, defy.vc · Board Member",Gravity Labs,,https://gravity-labs.xyz/collaborate.html,https://gravity-labs.xyz/people.html,,
Neil Sequeira,General Partner (co-founder),Defy VC,,https://defy.vc/contact/,https://gravity-labs.xyz/people.html,Title from Gravity Labs people page (defy.vc team page lists names only).,
Amy Yin,General Partner,Defy VC,,https://defy.vc/contact/,https://gravity-labs.xyz/people.html,Title from Gravity Labs people page.,
Defy (general),General inbox,Defy VC,hello@defy.vc,https://defy.vc/contact/,https://defy.vc/contact/,,
David Belt,Chief Executive Officer (co-founder & Chairman),Newlab,,https://www.newlab.com/apply,https://www.newlab.com/team,,
Jonathan Schulhof,Managing Partner,Newlab,,https://www.newlab.com/apply,https://www.newlab.com/team,,
Khalid Yasin,"Managing Director, Brooklyn",Newlab,,https://www.newlab.com/apply,https://www.newlab.com/team,,
Emilie Leforestier,Global Head of Business (industry & government partnerships),Newlab,,https://www.newlab.com/apply,https://www.newlab.com/team,,
Dmitry Grishin,Founding Partner,Grishin Robotics (GRx Accelerator),,https://www.grishinrobotics.com/accelerator,https://www.grishinrobotics.com/team,,
Elias Can,Partner,Grishin Robotics (GRx Accelerator),,https://www.grishinrobotics.com/accelerator,https://www.grishinrobotics.com/team,,
Tatiana Klimanova,Programme Director,Grishin Robotics (GRx Accelerator),,https://www.grishinrobotics.com/accelerator,https://www.grishinrobotics.com/team,,
Pallavi Jayashankar,Marketing & Programme Coordinator,Grishin Robotics (GRx Accelerator),,https://www.grishinrobotics.com/accelerator,https://www.grishinrobotics.com/team,,
Rocky Yu,Founder,"AGI House (tentative match for ""Hacker hource"")",,https://agihouse.org/,https://agihouse.org/,Tentative resolution of 'Hacker hource'.,
AGI House (general),General inbox,"AGI House (tentative match for ""Hacker hource"")",info@agihouse.org,https://agihouse.org/,https://agihouse.org/,,
Vivian Shimoyama,Chief Executive Officer,Long Beach Accelerator,,https://www.lbaccelerator.org/contact-us/,https://www.lbaccelerator.org/board-of-directors/,,
Brenda Wunsch,Co-Chair of the Board,Long Beach Accelerator,,https://www.lbaccelerator.org/contact-us/,https://www.lbaccelerator.org/board-of-directors/,,
Sue Malone,Co-Chair of the Board,Long Beach Accelerator,,https://www.lbaccelerator.org/contact-us/,https://www.lbaccelerator.org/board-of-directors/,,
LBA Contact form (general),Contact / apply form,Long Beach Accelerator,,https://www.lbaccelerator.org/contact-us/,https://www.lbaccelerator.org/about-the-lba/,"About page publishes 'info@lbacclerator.org' (and 'info@lbaaccelerator.org' in a link) - both look like typos of the domain, so not recorded as Email. Use the contact form.",
Jed McCaleb,Co-Founder & CEO - Neuro & AGI,Astera Institute (Residency),,https://astera.org/residency/,https://astera.org/team/,,
Seemay Chou,Co-Founder & President - Foundation (Residency sits under Foundation),Astera Institute (Residency),,https://astera.org/residency/,https://astera.org/team/,,
Astera (general),General inbox,Astera Institute (Residency),info@astera.org,https://astera.org/residency/,https://astera.org/residency/,,
Ian Bergman,Chief Executive Officer,Alchemist Accelerator,,https://www.alchemistaccelerator.com/apply,https://www.alchemistaccelerator.com/team,,
Danielle D'Agostaro,Managing Director,Alchemist Accelerator,,https://www.alchemistaccelerator.com/apply,https://www.alchemistaccelerator.com/team,,
Laurent Rains,"Managing Director, Alchemist Platform",Alchemist Accelerator,,https://www.alchemistaccelerator.com/apply,https://www.alchemistaccelerator.com/team,,
Danielle Vivo,Director of Global Partnerships,Alchemist Accelerator,,https://www.alchemistaccelerator.com/apply,https://www.alchemistaccelerator.com/team,,
Alchemist Admissions,Admissions inbox,Alchemist Accelerator,admissions@alchemistaccelerator.com,https://www.alchemistaccelerator.com/apply,https://www.alchemistaccelerator.com/,Published in the admissions FAQ on the homepage. General: info@alchemistaccelerator.com.,
Alice Bentinck,Cofounder and CEO,Entrepreneurs First,,https://www.joinef.com/contact/,https://www.joinef.com/about-us/,,
Matt Clifford,Cofounder and Chair,Entrepreneurs First,,https://www.joinef.com/contact/,https://www.joinef.com/about-us/,,
Tom Shinner,Partner and COO,Entrepreneurs First,,https://www.joinef.com/contact/,https://www.joinef.com/about-us/,,
EF Applications,Applications inbox,Entrepreneurs First,applications@joinef.com,https://www.joinef.com/contact/,https://www.joinef.com/contact/,Also partnerships@joinef.com and press@joinef.com on the same page.,
EF Partnerships,Partnerships (Operations team),Entrepreneurs First,partnerships@joinef.com,https://www.joinef.com/contact/,https://www.joinef.com/contact/,,
Sonya Shorey,President and CEO,Invest Ottawa (IO Accelerator),,https://www.investottawa.ca/contact-us/,https://www.investottawa.ca/about-us/our-team/,,
Nick Quain,"Vice President, Venture Development (launched IO Accelerator)",Invest Ottawa (IO Accelerator),,https://www.investottawa.ca/contact-us/,https://www.investottawa.ca/about-us/our-team/,,
Michelle Younes,"Director, Venture Programs",Invest Ottawa (IO Accelerator),,https://www.investottawa.ca/contact-us/,https://www.investottawa.ca/about-us/our-team/,,
Megan Maltby,"Senior Manager, Accelerator Programs & Capital",Invest Ottawa (IO Accelerator),,https://www.investottawa.ca/contact-us/,https://www.investottawa.ca/about-us/our-team/,,
Reshma Sohoni,Co-Founder & Managing Partner,Seedcamp,,https://seedcamp.com/contact/,https://seedcamp.com/our-team/,,
Carlos Eduardo Espinal,Managing Partner,Seedcamp,,https://seedcamp.com/contact/,https://seedcamp.com/our-team/,,
Tom Wilson,Partner,Seedcamp,,https://seedcamp.com/contact/,https://seedcamp.com/our-team/,,
Henry Lane Fox,"Chief Executive Officer, Founder",Founders Factory,,,https://foundersfactory.com/team/,,
Brent Hoberman,"Executive Chairman, Founder",Founders Factory,,,https://foundersfactory.com/team/,,
STATION F contact page,Contact page (no named program staff found on site),Station F Founders Program,,https://stationf.co/contact,https://stationf.co/contact,,
Marc Jellema,CEO a.i. & CTO,Startupbootcamp,,https://startupbootcamp.org/about/contact,https://startupbootcamp.org/about/startupbootcamp,,
Startupbootcamp Marketing (general),Marketing inbox,Startupbootcamp,marketing@startupbootcamp.org,https://startupbootcamp.org/about/contact,https://startupbootcamp.org/about/contact,,
Andrés Saborido,CEO,Wayra (Telefonica),,https://wayra.com/contact,https://wayra.com/about-us,,
Pablo Moro,Funds & Venture Growth Managing Director,Wayra (Telefonica),,https://wayra.com/contact,https://wayra.com/about-us,,
Paloma Castellano,Investment Managing Director,Wayra (Telefonica),,https://wayra.com/contact,https://wayra.com/about-us,,
Davide Coppola,Managing Director,Startup Wise Guys,,https://startupwiseguys.com/contact/,https://startupwiseguys.com/about/,,
Alexandra Balkova,General Partner Challenger II & Head of Portfolio,Startup Wise Guys,,https://startupwiseguys.com/contact/,https://startupwiseguys.com/about/,,
Lanzadera (general),General inbox,Lanzadera,info@lanzadera.es,https://lanzadera.es/,https://lanzadera.es/,,
Conception X contact form,Contact page (no core-team names parsed from site),Conception X,,https://www.conceptionx.org/contact,https://www.conceptionx.org/contact,,
Dr Nicky Dee,Co-founder and Chief Executive Officer,Carbon13,,https://carbonthirteen.com/about-us/,https://carbonthirteen.com/community/our-team/,,
Mai Silk,Programme Lead,Carbon13,,https://carbonthirteen.com/about-us/,https://carbonthirteen.com/community/our-team/,,
Stephanie Alys,Director of Entrepreneurship,Carbon13,,https://carbonthirteen.com/about-us/,https://carbonthirteen.com/community/our-team/,,
Carbon13 (general),General inbox,Carbon13,info@carbonthirteen.com,https://carbonthirteen.com/about-us/,https://carbonthirteen.com/community/our-team/,,
Paul Kirby,Managing Partner (co-founder),Zinc,,https://www.zinc.vc/contact/,https://www.zinc.vc/team/,,
Ella Goldner,Managing Partner (co-founder),Zinc,,https://www.zinc.vc/contact/,https://www.zinc.vc/team/,,
Zinc (general),General inbox,Zinc,info@zinc.vc,https://www.zinc.vc/contact/,https://www.zinc.vc/contact/,,
Kickstart Innovation (general),General inbox,Kickstart Innovation,hello@kickstart-innovation.com,https://www.kickstart-innovation.com/about,https://www.kickstart-innovation.com/about,,
Venture Kick (general),General inbox,Venture Kick,info@venturekick.ch,https://www.venturekick.ch/,https://www.venturekick.ch/,,
Deep Science Ventures contact page,Contact page,Deep Science Ventures,,https://www.deepscienceventures.com/contact,https://www.deepscienceventures.com/contact,,
Magnus Grimeland,Founder & Chief Executive Officer,Antler,,https://www.antler.co/about,https://www.antler.co/about,,
Rike (Antler),"VP, Global Communications (spokesperson)",Antler,rike@antler.co,https://www.antler.co/about,https://www.antler.co/about,Surname not shown in parsed text; email published in her bio.,
APX (general / pitch),Pitch inbox,APX,hello@apx.vc,https://apx.vc/,https://apx.vc/,'Send us your pitch'.,
Alexander Grots,Partner,EWOR,,https://www.ewor.com/our-team,https://www.ewor.com/our-team,,
Paul H. Müller,Partner,EWOR,,https://www.ewor.com/our-team,https://www.ewor.com/our-team,,
EWOR (general),General inbox,EWOR,info@ewor.com,https://www.ewor.com/our-team,https://www.ewor.com/our-team,,
Accelerace contact form,Contact page,Accelerace,,https://accelerace.io/about/contact/,https://accelerace.io/about/contact/,,
Elie Habimana,Managing Director (Norrsken Foundation East Africa),Norrsken Accelerator,,https://www.norrsken.org/about,https://www.norrsken.org/about,About page groups people by entity; verify which Norrsken entity runs the accelerator.,
Norrsken Foundation (general),General inbox,Norrsken Accelerator,info@norrskenfoundation.org,https://www.norrsken.org/about,https://www.norrsken.org/about,,
8200 EISP (general),Program inbox,8200 EISP,EISP@8200.org.il,https://eisp.8200.org.il/,https://eisp.8200.org.il/,Site also lists 8200eisp@gmail.com.,
Shuly Galili,Founding Partner,UpWest,shuly@upwest.vc,https://upwest.vc/team,https://upwest.vc/team,'Say hello' mailto on team page.,
Gil Ben-Artzy,Founding Partner,UpWest,gil@upwest.vc,https://upwest.vc/team,https://upwest.vc/team,'Say hello' mailto on team page.,
Gil Birnboim,Head of Platform,UpWest,gil.birnboim@upwest.vc,https://upwest.vc/team,https://upwest.vc/team,'Say hello' mailto on team page.,
Uzi Scheffer,CEO of SOSA,SOSA,,https://www.sosa.co/about/team,https://www.sosa.co/about/team,,
Elan Fox,Senior Program Manager,SOSA,,https://www.sosa.co/about/team,https://www.sosa.co/about/team,,
Rajan Anandan,Managing Director,Surge (Peak XV),,https://surge.peakxv.com/people,https://surge.peakxv.com/people,,
Shailendra Singh,Managing Director,Surge (Peak XV),,https://surge.peakxv.com/people,https://surge.peakxv.com/people,,
Peak XV (general),General inbox,Surge (Peak XV),contactus@peakxv.com,https://surge.peakxv.com/people,https://surge.peakxv.com/people,Press: pr@peakxv.com,
S Gopalakrishnan,Chairman (co-founder),Axilor Ventures,,https://www.axilor.com/contact,https://www.axilor.com/people,,
Prachi Sinha,"Investments (healthcare, climate-tech, agritech)",Axilor Ventures,prachi@axilor.com,https://www.axilor.com/contact,https://www.axilor.com/people,Bio invites early-stage founders to reach out at this address.,
Kavikrut,Chief Executive Officer,T-Hub,,https://www.t-hub.co/contact-us,https://www.t-hub.co/our-team,,
Sudhanshu Chaturvedi,"Vice President, Innovation Programs",T-Hub,,https://www.t-hub.co/contact-us,https://www.t-hub.co/our-team,,
T-Hub (general),General inbox,T-Hub,contact@t-hub.co,https://www.t-hub.co/contact-us,https://www.t-hub.co/contact-us,,
Dr. Apoorva Rajan Sharma,Founder,Venture Catalysts,,https://www.venturecatalysts.in/contact-us,https://www.venturecatalysts.in/our-team,,
Gaurav Jain,Co-Founder,Venture Catalysts,,https://www.venturecatalysts.in/contact-us,https://www.venturecatalysts.in/our-team,,
Venture Catalysts (general),General inbox,Venture Catalysts,info@venturecatalysts.in,https://www.venturecatalysts.in/contact-us,https://www.venturecatalysts.in/contact-us,,
Hsu Ken Ooi,"Founder, General Partner",Iterative,,https://www.iterative.vc/team,https://www.iterative.vc/team,,
Brian Ma,"Founder, General Partner",Iterative,,https://www.iterative.vc/team,https://www.iterative.vc/team,,
Melissa Taing,"Senior Program Manager, Recruiting",Iterative,,https://www.iterative.vc/team,https://www.iterative.vc/team,,
Iterative (general),General inbox,Iterative,hello@iterative.vc,https://www.iterative.vc/team,https://www.iterative.vc/team,,
Jamie Lin,Chairman & Partner,AppWorks,,https://appworks.tw/team/,https://appworks.tw/team/,Team page lists title above name.,
Alyssa Chen,Accelerator Director,AppWorks,,https://appworks.tw/team/,https://appworks.tw/team/,Team page lists title above name.,
Hsichun Tsai,Accelerator Program Manager,AppWorks,,https://appworks.tw/team/,https://appworks.tw/team/,Team page lists title above name.,
Bernard Moon (버나드문),Co-founder & General Partner (공동설립자 & 제너럴 파트너),SparkLabs,,https://sparklabs.co.kr/kr/contact,https://sparklabs.co.kr/kr/team,,
SparkLabs (general),General inbox,SparkLabs,info@sparklabs.co.kr,https://sparklabs.co.kr/kr/contact,https://sparklabs.co.kr/kr/contact,,
Onlab contact form,Contact page,Open Network Lab,,https://onlab.jp/contact/,https://onlab.jp/contact/,,
Brinc Marketing (general),Marketing inbox,Brinc,marketing@brinc.io,https://brinc.io/,https://brinc.io/,,
Lu Qi,Partner (founder),MiraclePlus,,https://www.miracleplus.com/contact,https://www.miracleplus.com/team,,
MiraclePlus (general),General inbox,MiraclePlus,contact@miracleplus.com,https://www.miracleplus.com/contact,https://www.miracleplus.com/contact,Press: press@miracleplus.com,
Phoebe Pincus,CEO,Startmate,,https://www.startmate.com/team,https://www.startmate.com/team,,
Emma Grife,Head of Founders,Startmate,,https://www.startmate.com/team,https://www.startmate.com/team,,
Startmate (general),General inbox,Startmate,hello@startmate.com.au,https://www.startmate.com/team,https://www.startmate.com/team,,
Liza Noonan,Chief Executive Officer,Cicada Innovations,,https://www.cicadainnovations.com/contact,https://www.cicadainnovations.com/about/our-team,,
Jonathan O'Dowd,Strategic Partnerships Director,Cicada Innovations,,https://www.cicadainnovations.com/contact,https://www.cicadainnovations.com/about/our-team,,
Cicada Innovations (general),General inbox,Cicada Innovations,info@cicadainnovations.com,https://www.cicadainnovations.com/contact,https://www.cicadainnovations.com/contact,Media: media@cicadainnovations.com,
Catherine Jones,Chief Executive,Creative HQ (Lightning Lab),,https://creativehq.co.nz/about-us/our-team/,https://creativehq.co.nz/about-us/our-team/,,
Colm Kearney,GM Startups and Tech Sector,Creative HQ (Lightning Lab),,https://creativehq.co.nz/about-us/our-team/,https://creativehq.co.nz/about-us/our-team/,,
Ryan Jerome Chua,President,QBO Innovation Hub,,https://www.qboinnovation.com/contact,https://www.qboinnovation.com/about,,
Alwyn Rosel,Executive Director,QBO Innovation Hub,,https://www.qboinnovation.com/contact,https://www.qboinnovation.com/about,,
QBO (general),General inbox,QBO Innovation Hub,hello@qbo.com.ph,https://www.qboinnovation.com/contact,https://www.qboinnovation.com/contact,,
Start-Up Chile contact form,Contact page,Start-Up Chile,,https://startupchile.org/contacto/,https://startupchile.org/contacto/,,
Platanus Ventures (general),Ventures inbox,Platanus,ventures@platan.us,https://platan.us/,https://platan.us/,,
NXTP (general),General inbox,NXTP Ventures,info@nxtp.vc,https://www.nxtp.vc/contact,https://www.nxtp.vc/contact,Press: press@nxtp.vc,
Dr. Héctor Jirau,Executive Director,Parallel18,,https://parallel18.com/about-us/,https://parallel18.com/about-us/,,
Dr. Noé E. Crespo,Associate Director,Parallel18,,https://parallel18.com/about-us/,https://parallel18.com/about-us/,,
Parallel18 (general),General inbox,Parallel18,info@parallel18.com,https://parallel18.com/about-us/,https://parallel18.com/about-us/,,
Tarek Abdelraouf,Program Manager,Flat6Labs,,https://flat6labs.com/about/,https://flat6labs.com/about/,,
Marc Elmankabady,Program Manager,Flat6Labs,,https://flat6labs.com/about/,https://flat6labs.com/about/,,
Jorn Lyseggen,Founder of MEST,MEST Africa,,https://meltwater.org/contact-us,https://meltwater.org/team,,
Emily Fiagbedzi,AI Startup Program Director,MEST Africa,,https://meltwater.org/contact-us,https://meltwater.org/team,,
Greg Coussa,Strategic Director,MEST Africa,,https://meltwater.org/contact-us,https://meltwater.org/team,,
MEST (general),General inbox,MEST Africa,info@meltwater.org,https://meltwater.org/contact-us,https://meltwater.org/contact-us,,
Ojoma Ochai,Managing Director,CcHUB,,https://cchub.africa/contact/,https://cchub.africa/about/,,
Oluwaseun Adepoju,Managing Partner,CcHUB,,https://cchub.africa/contact/,https://cchub.africa/about/,,
CcHUB (general),General inbox,CcHUB,info@cchub.africa,https://cchub.africa/contact/,https://cchub.africa/contact/,,
Founders Factory Africa (general),Enquiries inbox,Founders Factory Africa,africa-enquiries@foundersfactory.co,https://www.foundersfactory.africa/,https://www.foundersfactory.africa/,Portfolio: portfolio@foundersfactory.africa,
Hub71 (general),General inbox,Hub71,info@hub71.com,https://www.hub71.com/contact,https://www.hub71.com/contact,,
CDL site inboxes,"Per-site program inboxes (e.g. cdl-london@, cdl-paris@, cdl-montreal@)",Creative Destruction Lab,cdl-london@creativedestructionlab.com,https://creativedestructionlab.com/contact/,https://creativedestructionlab.com/contact/,Contact page lists one inbox per CDL site; London shown here.,
Abdullah Snobar,"Executive Director, DMZ and CEO, DMZ Ventures",DMZ,asnobar@torontomu.ca,https://dmz.torontomu.ca/contact,https://dmz.torontomu.ca/our-team,Email found on DMZ team page.,
Alix Ali-Dib,"Senior Manager, Global Programs",DMZ,,https://dmz.torontomu.ca/contact,https://dmz.torontomu.ca/our-team,,
DMZ (general),General inbox,DMZ,dmz@torontomu.ca,https://dmz.torontomu.ca/contact,https://dmz.torontomu.ca/contact,,
John Dick,"Managing Director, Velocity",Velocity (University of Waterloo),,https://www.velocityincubator.com/contact-us,https://www.velocityincubator.com/about,,
Krysta Traianovski,"Associate Director, Founder Development",Velocity (University of Waterloo),,https://www.velocityincubator.com/contact-us,https://www.velocityincubator.com/about,,
Velocity (general),General inbox,Velocity (University of Waterloo),info@velocityincubator.com,https://www.velocityincubator.com/contact-us,https://www.velocityincubator.com/contact-us,,
NEXT Canada (general),General inbox,Next Canada,info@nextcanada.com,https://www.nextcanada.com/,https://www.nextcanada.com/,,
Centech contact page,Contact page,Centech,,https://centech.co/contact/,https://centech.co/contact/,,
Ruth Casselman,Chief Executive Officer,Accelerator Centre,,https://www.acceleratorcentre.com/our-team/,https://www.acceleratorcentre.com/our-team/,,
Meghan Gervais,"Director, Founder Experience",Accelerator Centre,,https://www.acceleratorcentre.com/our-team/,https://www.acceleratorcentre.com/our-team/,,
Accelerator Centre (general),General inbox,Accelerator Centre,info@acceleratorcentre.com,https://www.acceleratorcentre.com/our-team/,https://www.acceleratorcentre.com/our-team/,,
Aaron Johnson,Interim Executive Director of District 3,District 3,,https://www.district3.co/contact,https://www.district3.co/about,,
District 3 (general),General inbox,District 3,info@district3.co,https://www.district3.co/contact,https://www.district3.co/contact,,
Rahul Ajmera,Early Stage Tech,Emerson Collective,,https://www.emersoncollective.com/our-work/venture-capital/our-team,https://www.emersoncollective.com/our-work/venture-capital/our-team,Listed on EC Venture Capital Team page; no personal email published on site.,
Julien Barber,Energy + Environment,Emerson Collective,,https://www.emersoncollective.com/our-work/venture-capital/our-team,https://www.emersoncollective.com/our-work/venture-capital/our-team,Listed on EC Venture Capital Team page; no personal email published on site.,
Armen Berjikly,Early Stage Tech,Emerson Collective,,https://www.emersoncollective.com/our-work/venture-capital/our-team,https://www.emersoncollective.com/our-work/venture-capital/our-team,Listed on EC Venture Capital Team page; no personal email published on site.,
Michael Bruce,Energy + Environment,Emerson Collective,,https://www.emersoncollective.com/our-work/venture-capital/our-team,https://www.emersoncollective.com/our-work/venture-capital/our-team,Listed on EC Venture Capital Team page; no personal email published on site.,
Elka Chamberlin,"Director, Venture Success, Venture Investing",Emerson Collective,elka@emersoncollective.com,https://www.emersoncollective.com/our-work/venture-capital/our-team,https://www.emersoncollective.com/our-work/venture-capital/our-team,Listed on EC Venture Capital Team page; no personal email published on site.; Junior LI filled Airtable Team Linkedin 2026-10-06; Apollo people_match 2026-10-06 (work email),https://www.linkedin.com/in/elkachamberlin
Gabe Kleinman,Portfolio Support,Emerson Collective,,https://www.emersoncollective.com/our-work/venture-capital/our-team,https://www.emersoncollective.com/our-work/venture-capital/our-team,Listed on EC Venture Capital Team page; no personal email published on site.,
Peter Lauten,Growth Stage Tech,Emerson Collective,,https://www.emersoncollective.com/our-work/venture-capital/our-team,https://www.emersoncollective.com/our-work/venture-capital/our-team,Listed on EC Venture Capital Team page; no personal email published on site.,
Joanna Lichter,Early Stage Tech,Emerson Collective,joanna@emersoncollective.com,https://www.emersoncollective.com/our-work/venture-capital/our-team,https://www.emersoncollective.com/our-work/venture-capital/our-team,Listed on EC Venture Capital Team page; no personal email published on site.; Apollo people_match 2026-10-06 (Airtable Team POC; Fern Mandelbaum not in Apollo),https://www.linkedin.com/in/joannalichter
Fern Mandelbaum,Early Stage Tech,Emerson Collective,,https://www.emersoncollective.com/our-work/venture-capital/our-team,https://www.emersoncollective.com/our-work/venture-capital/our-team,Listed on EC Venture Capital Team page; no personal email published on site.,
Steve McDermid,Growth Stage Tech,Emerson Collective,,https://www.emersoncollective.com/our-work/venture-capital/our-team,https://www.emersoncollective.com/our-work/venture-capital/our-team,Listed on EC Venture Capital Team page; no personal email published on site.,
Susy Schöneberg,Portfolio Support,Emerson Collective,,https://www.emersoncollective.com/our-work/venture-capital/our-team,https://www.emersoncollective.com/our-work/venture-capital/our-team,Listed on EC Venture Capital Team page; no personal email published on site.,
Sona Sharan,Portfolio Support,Emerson Collective,,https://www.emersoncollective.com/our-work/venture-capital/our-team,https://www.emersoncollective.com/our-work/venture-capital/our-team,Listed on EC Venture Capital Team page; no personal email published on site.,
Emerson Collective (general),General inbox,Emerson Collective,info@emersoncollective.com,https://www.emersoncollective.com/,https://www.emersoncollective.com/,Published on site (footer/contact paths / Next.js data).,
Emerson Collective Demo Day,Demo Day speaker contact,Emerson Collective,demoday@emersoncollective.com,https://www.emersoncollective.com/events/demo-day/demo-day-2024,https://www.emersoncollective.com/events/demo-day/demo-day-2024,Published on Demo Day 2024 page for connecting with speakers.,
Katie Smith,Head of Startup Community,Techstars,katie.smith@techstars.com,https://www.techstars.com/contact,https://www.techstars.com/team,Junior LI filled Airtable Team Linkedin 2026-10-06; Apollo people_match 2026-10-06 (work email),https://www.linkedin.com/in/katiesmithlovatt
Woojung Lee,Associate,HAX (SOSV),woojung.lee@sosv.com,https://hax.co/contact/,https://hax.co/our-team/,Junior LI filled Airtable Team Linkedin 2026-10-06; title from hax.co/our-team and LinkedIn; Apollo people_match 2026-10-06 (work email),https://www.linkedin.com/in/leewoojung
Bethany Watson,Program Manager,IndieBio / SOSV NY & SOSV SF,bethany.schwartz@sosv.com,https://sosv.com/apply/sosv/,https://sosv.com/team/,Junior LI filled Airtable Team Linkedin 2026-10-06; also listed as Bethany Watson (Schwartz); Apollo people_match 2026-10-06 (work email),https://www.linkedin.com/in/bethany-watson-schwartz-325030178
Emma Krivoshein,"Senior Operations Associate, PearX",Pear VC (PearX + Pear Fellows),emma@pear.vc,https://pear.vc/pearx/,https://pear.vc/team/emma-krivoshein/,Junior LI filled Airtable Team Linkedin 2026-10-06; supports PearX accelerator ops; Apollo people_match 2026-10-06 (work email),https://www.linkedin.com/in/emmakrivoshein
Lauren Olson,Fund Operations Manager,Betaworks (Camp),lauren@betaworks.com,https://www.betaworks.com/contact,https://www.betaworks.com/team,Junior LI filled Airtable Team Linkedin 2026-10-06; Apollo people_match 2026-10-06 (work email),https://www.linkedin.com/in/lauren-olson-293b52148
Alessandro Braglia,Accelerator Programme Manager,Seraphim Space Accelerator (Seraphim Space Camp),alessandro@seraphim.vc,https://seraphim.vc/contact/,https://seraphim.vc/about/team/,Junior LI filled Airtable Team Linkedin 2026-10-06; day-to-day accelerator delivery; Apollo people_match 2026-10-06 (work email),https://www.linkedin.com/in/abraglia
Baylor Adams,Early Stage Investor,Z Fellows,baylor@zfellows.com,https://www.zfellows.com/,https://www.linkedin.com/in/bayloradams,Junior LI filled Airtable Team Linkedin 2026-10-06; Apollo people_match 2026-10-06 (work email),https://www.linkedin.com/in/bayloradams
